"NATMON_IND","Indicator","LOCATION","Country","TIME","Time","Value","Flag Codes","Flags"
"X_USCONST_5T8_FSGOV","Government expenditure on tertiary education, constant US$ (millions)","ITA","Italy","2015","2015",14587.88118,,
"X_USCONST_5T8_FSGOV","Government expenditure on tertiary education, constant US$ (millions)","ITA","Italy","2016","2016",14226.4794,,
"X_USCONST_5T8_FSGOV","Government expenditure on tertiary education, constant US$ (millions)","ITA","Italy","2017","2017",14903.2685,,
"X_USCONST_5T8_FSGOV","Government expenditure on tertiary education, constant US$ (millions)","ITA","Italy","2018","2018",15493.86388,,
"X_USCONST_5T8_FSGOV","Government expenditure on tertiary education, constant US$ (millions)","BFA","Burkina Faso","2015","2015",63.93385,,
"X_USCONST_5T8_FSGOV","Government expenditure on tertiary education, constant US$ (millions)","BFA","Burkina Faso","2016","2016",204.92641,,
"X_USCONST_5T8_FSGOV","Government expenditure on tertiary education, constant US$ (millions)","NPL","Nepal","2015","2015",95.13757,,
"X_USCONST_5T8_FSGOV","Government expenditure on tertiary education, constant US$ (millions)","ROU","Romania","2015","2015",1344.56955,,
"X_USCONST_5T8_FSGOV","Government expenditure on tertiary education, constant US$ (millions)","ROU","Romania","2016","2016",1515.69764,,
"X_USCONST_5T8_FSGOV","Government expenditure on tertiary education, constant US$ (millions)","ROU","Romania","2017","2017",1643.27398,,
"X_USCONST_5T8_FSGOV","Government expenditure on tertiary education, constant US$ (millions)","ROU","Romania","2018","2018",1804.24811,,
"X_USCONST_5T8_FSGOV","Government expenditure on tertiary education, constant US$ (millions)","DMA","Dominica","2015","2015",1.74959,,
"X_USCONST_5T8_FSGOV","Government expenditure on tertiary education, constant US$ (millions)","DMA","Dominica","2019","2019",,"n","Magnitude nil or negligible"
"X_USCONST_5T8_FSGOV","Government expenditure on tertiary education, constant US$ (millions)","DMA","Dominica","2020","2020",,"n","Magnitude nil or negligible"
"X_USCONST_5T8_FSGOV","Government expenditure on tertiary education, constant US$ (millions)","LVA","Latvia","2015","2015",355.23719,,
"X_USCONST_5T8_FSGOV","Government expenditure on tertiary education, constant US$ (millions)","LVA","Latvia","2016","2016",232.80498,,
"X_USCONST_5T8_FSGOV","Government expenditure on tertiary education, constant US$ (millions)","LVA","Latvia","2017","2017",222.13041,,
"X_USCONST_5T8_FSGOV","Government expenditure on tertiary education, constant US$ (millions)","LVA","Latvia","2018","2018",246.14396,,
"X_USCONST_5T8_FSGOV","Government expenditure on tertiary education, constant US$ (millions)","NIU","Niue","2016","2016",,"a","Category not applicable"
"X_USCONST_5T8_FSGOV","Government expenditure on tertiary education, constant US$ (millions)","NIU","Niue","2017","2017",,"a","Category not applicable"
"X_USCONST_5T8_FSGOV","Government expenditure on tertiary education, constant US$ (millions)","ISR","Israel","2015","2015",3218.74653,,
"X_USCONST_5T8_FSGOV","Government expenditure on tertiary education, constant US$ (millions)","ISR","Israel","2016","2016",3135.92582,,
"X_USCONST_5T8_FSGOV","Government expenditure on tertiary education, constant US$ (millions)","ISR","Israel","2017","2017",3311.88689,,
"X_USCONST_5T8_FSGOV","Government expenditure on tertiary education, constant US$ (millions)","ISR","Israel","2018","2018",3219.30537,,
"X_USCONST_5T8_FSGOV","Government expenditure on tertiary education, constant US$ (millions)","MUS","Mauritius","2015","2015",40.64015,,
"X_USCONST_5T8_FSGOV","Government expenditure on tertiary education, constant US$ (millions)","MUS","Mauritius","2016","2016",40.38943,,
"X_USCONST_5T8_FSGOV","Government expenditure on tertiary education, constant US$ (millions)","MUS","Mauritius","2017","2017",38.76806,,
"X_USCONST_5T8_FSGOV","Government expenditure on tertiary education, constant US$ (millions)","MUS","Mauritius","2018","2018",42.45106,,
"X_USCONST_5T8_FSGOV","Government expenditure on tertiary education, constant US$ (millions)","MUS","Mauritius","2019","2019",47.11443,,
"X_USCONST_5T8_FSGOV","Government expenditure on tertiary education, constant US$ (millions)","MUS","Mauritius","2020","2020",47.99508,,
"X_USCONST_5T8_FSGOV","Government expenditure on tertiary education, constant US$ (millions)","SWE","Sweden","2015","2015",9095.67466,,
"X_USCONST_5T8_FSGOV","Government expenditure on tertiary education, constant US$ (millions)","SWE","Sweden","2016","2016",9186.61005,,
"X_USCONST_5T8_FSGOV","Government expenditure on tertiary education, constant US$ (millions)","SWE","Sweden","2017","2017",9216.70459,,
"X_USCONST_5T8_FSGOV","Government expenditure on tertiary education, constant US$ (millions)","SWE","Sweden","2018","2018",9371.22195,,
"X_USCONST_5T8_FSGOV","Government expenditure on tertiary education, constant US$ (millions)","HRV","Croatia","2017","2017",496.62024,,
"X_USCONST_5T8_FSGOV","Government expenditure on tertiary education, constant US$ (millions)","HRV","Croatia","2018","2018",514.66623,,
"X_USCONST_5T8_FSGOV","Government expenditure on tertiary education, constant US$ (millions)","DNK","Denmark","2017","2017",8120.52755,,
"X_USCONST_5T8_FSGOV","Government expenditure on tertiary education, constant US$ (millions)","DNK","Denmark","2018","2018",7475.98807,,
"X_USCONST_5T8_FSGOV","Government expenditure on tertiary education, constant US$ (millions)","MDV","Maldives","2015","2015",23.69121,,
"X_USCONST_5T8_FSGOV","Government expenditure on tertiary education, constant US$ (millions)","MDV","Maldives","2016","2016",38.20473,,
"X_USCONST_5T8_FSGOV","Government expenditure on tertiary education, constant US$ (millions)","NZL","New Zealand","2015","2015",2983.2866,,
"X_USCONST_5T8_FSGOV","Government expenditure on tertiary education, constant US$ (millions)","NZL","New Zealand","2016","2016",2911.73552,,
"X_USCONST_5T8_FSGOV","Government expenditure on tertiary education, constant US$ (millions)","NZL","New Zealand","2017","2017",2960.98265,,
"X_USCONST_5T8_FSGOV","Government expenditure on tertiary education, constant US$ (millions)","NZL","New Zealand","2018","2018",3176.11128,,
"X_USCONST_5T8_FSGOV","Government expenditure on tertiary education, constant US$ (millions)","BRB","Barbados","2016","2016",74.61191,,
"X_USCONST_5T8_FSGOV","Government expenditure on tertiary education, constant US$ (millions)","BRB","Barbados","2017","2017",63.45631,,
"X_USCONST_5T8_FSGOV","Government expenditure on tertiary education, constant US$ (millions)","BRB","Barbados","2019","2019",15.09617,,
"X_USCONST_5T8_FSGOV","Government expenditure on tertiary education, constant US$ (millions)","BRB","Barbados","2020","2020",11.70773,,
"X_USCONST_5T8_FSGOV","Government expenditure on tertiary education, constant US$ (millions)","ARM","Armenia","2015","2015",39.76943,,
"X_USCONST_5T8_FSGOV","Government expenditure on tertiary education, constant US$ (millions)","ARM","Armenia","2016","2016",40.69854,,
"X_USCONST_5T8_FSGOV","Government expenditure on tertiary education, constant US$ (millions)","ARM","Armenia","2017","2017",42.32526,,
"X_USCONST_5T8_FSGOV","Government expenditure on tertiary education, constant US$ (millions)","ARM","Armenia","2020","2020",38.80025,,
"X_USCONST_5T8_FSGOV","Government expenditure on tertiary education, constant US$ (millions)","URY","Uruguay","2015","2015",724.29643,,
"X_USCONST_5T8_FSGOV","Government expenditure on tertiary education, constant US$ (millions)","URY","Uruguay","2016","2016",657.42602,,
"X_USCONST_5T8_FSGOV","Government expenditure on tertiary education, constant US$ (millions)","URY","Uruguay","2017","2017",666.45459,,
"X_USCONST_5T8_FSGOV","Government expenditure on tertiary education, constant US$ (millions)","URY","Uruguay","2018","2018",696.43801,,
"X_USCONST_5T8_FSGOV","Government expenditure on tertiary education, constant US$ (millions)","URY","Uruguay","2019","2019",665.24417,,
"X_USCONST_5T8_FSGOV","Government expenditure on tertiary education, constant US$ (millions)","ZAF","South Africa","2015","2015",2659.83489,,
"X_USCONST_5T8_FSGOV","Government expenditure on tertiary education, constant US$ (millions)","ZAF","South Africa","2016","2016",2426.90665,,
"X_USCONST_5T8_FSGOV","Government expenditure on tertiary education, constant US$ (millions)","ZAF","South Africa","2017","2017",3170.71368,,
"X_USCONST_5T8_FSGOV","Government expenditure on tertiary education, constant US$ (millions)","ZAF","South Africa","2018","2018",3433.78918,,
"X_USCONST_5T8_FSGOV","Government expenditure on tertiary education, constant US$ (millions)","ZAF","South Africa","2019","2019",4176.40431,,
"X_USCONST_5T8_FSGOV","Government expenditure on tertiary education, constant US$ (millions)","ZAF","South Africa","2020","2020",4701.33726,,
"X_USCONST_5T8_FSGOV","Government expenditure on tertiary education, constant US$ (millions)","IRN","Iran (Islamic Republic of)","2015","2015",2218.29498,,
"X_USCONST_5T8_FSGOV","Government expenditure on tertiary education, constant US$ (millions)","IRN","Iran (Islamic Republic of)","2016","2016",2672.64093,,
"X_USCONST_5T8_FSGOV","Government expenditure on tertiary education, constant US$ (millions)","IRN","Iran (Islamic Republic of)","2017","2017",3734.03602,,
"X_USCONST_5T8_FSGOV","Government expenditure on tertiary education, constant US$ (millions)","IRN","Iran (Islamic Republic of)","2018","2018",3498.72639,,
"X_USCONST_5T8_FSGOV","Government expenditure on tertiary education, constant US$ (millions)","IRN","Iran (Islamic Republic of)","2019","2019",2893.98105,,
"X_USCONST_5T8_FSGOV","Government expenditure on tertiary education, constant US$ (millions)","IRN","Iran (Islamic Republic of)","2020","2020",2598.2908,,
"X_USCONST_5T8_FSGOV","Government expenditure on tertiary education, constant US$ (millions)","TKM","Turkmenistan","2019","2019",163.42857,,
"X_USCONST_5T8_FSGOV","Government expenditure on tertiary education, constant US$ (millions)","BEL","Belgium","2015","2015",7140.03528,,
"X_USCONST_5T8_FSGOV","Government expenditure on tertiary education, constant US$ (millions)","BEL","Belgium","2016","2016",7292.83053,,
"X_USCONST_5T8_FSGOV","Government expenditure on tertiary education, constant US$ (millions)","BEL","Belgium","2017","2017",7484.0345,,
"X_USCONST_5T8_FSGOV","Government expenditure on tertiary education, constant US$ (millions)","BEL","Belgium","2018","2018",7805.06808,,
"X_USCONST_5T8_FSGOV","Government expenditure on tertiary education, constant US$ (millions)","KAZ","Kazakhstan","2015","2015",675.06375,,
"X_USCONST_5T8_FSGOV","Government expenditure on tertiary education, constant US$ (millions)","KAZ","Kazakhstan","2016","2016",556.31985,,
"X_USCONST_5T8_FSGOV","Government expenditure on tertiary education, constant US$ (millions)","KAZ","Kazakhstan","2017","2017",485.18501,,
"X_USCONST_5T8_FSGOV","Government expenditure on tertiary education, constant US$ (millions)","KAZ","Kazakhstan","2018","2018",426.64463,,
"X_USCONST_5T8_FSGOV","Government expenditure on tertiary education, constant US$ (millions)","KAZ","Kazakhstan","2019","2019",564.27237,,
"X_USCONST_5T8_FSGOV","Government expenditure on tertiary education, constant US$ (millions)","GEO","Georgia","2016","2016",60.34039,,
"X_USCONST_5T8_FSGOV","Government expenditure on tertiary education, constant US$ (millions)","GEO","Georgia","2017","2017",57.2008,,
"X_USCONST_5T8_FSGOV","Government expenditure on tertiary education, constant US$ (millions)","GEO","Georgia","2018","2018",68.62306,,
"X_USCONST_5T8_FSGOV","Government expenditure on tertiary education, constant US$ (millions)","SVN","Slovenia","2015","2015",453.20916,,
"X_USCONST_5T8_FSGOV","Government expenditure on tertiary education, constant US$ (millions)","SVN","Slovenia","2016","2016",453.57077,,
"X_USCONST_5T8_FSGOV","Government expenditure on tertiary education, constant US$ (millions)","SVN","Slovenia","2017","2017",475.10722,,
"X_USCONST_5T8_FSGOV","Government expenditure on tertiary education, constant US$ (millions)","SVN","Slovenia","2018","2018",531.27808,,
"X_USCONST_5T8_FSGOV","Government expenditure on tertiary education, constant US$ (millions)","LUX","Luxembourg","2015","2015",309.23484,,
"X_USCONST_5T8_FSGOV","Government expenditure on tertiary education, constant US$ (millions)","LUX","Luxembourg","2017","2017",299.42687,,
"X_USCONST_5T8_FSGOV","Government expenditure on tertiary education, constant US$ (millions)","LUX","Luxembourg","2018","2018",270.99392,,
"X_USCONST_5T8_FSGOV","Government expenditure on tertiary education, constant US$ (millions)","PRT","Portugal","2015","2015",1924.43914,,
"X_USCONST_5T8_FSGOV","Government expenditure on tertiary education, constant US$ (millions)","PRT","Portugal","2017","2017",1820.02006,,
"X_USCONST_5T8_FSGOV","Government expenditure on tertiary education, constant US$ (millions)","PRT","Portugal","2018","2018",1820.10746,,
"X_USCONST_5T8_FSGOV","Government expenditure on tertiary education, constant US$ (millions)","LTU","Lithuania","2015","2015",554.04674,,
"X_USCONST_5T8_FSGOV","Government expenditure on tertiary education, constant US$ (millions)","LTU","Lithuania","2016","2016",396.32179,,
"X_USCONST_5T8_FSGOV","Government expenditure on tertiary education, constant US$ (millions)","LTU","Lithuania","2017","2017",378.59691,,
"X_USCONST_5T8_FSGOV","Government expenditure on tertiary education, constant US$ (millions)","LTU","Lithuania","2018","2018",413.40774,,
"X_USCONST_5T8_FSGOV","Government expenditure on tertiary education, constant US$ (millions)","ISL","Iceland","2015","2015",294.23881,,
"X_USCONST_5T8_FSGOV","Government expenditure on tertiary education, constant US$ (millions)","ISL","Iceland","2016","2016",328.63081,,
"X_USCONST_5T8_FSGOV","Government expenditure on tertiary education, constant US$ (millions)","ISL","Iceland","2017","2017",315.11141,,
"X_USCONST_5T8_FSGOV","Government expenditure on tertiary education, constant US$ (millions)","ISL","Iceland","2018","2018",298.69047,,
"X_USCONST_5T8_FSGOV","Government expenditure on tertiary education, constant US$ (millions)","AND","Andorra","2015","2015",5.2537,,
"X_USCONST_5T8_FSGOV","Government expenditure on tertiary education, constant US$ (millions)","AND","Andorra","2016","2016",5.78958,,
"X_USCONST_5T8_FSGOV","Government expenditure on tertiary education, constant US$ (millions)","AND","Andorra","2017","2017",5.55824,,
"X_USCONST_5T8_FSGOV","Government expenditure on tertiary education, constant US$ (millions)","AND","Andorra","2018","2018",5.66432,,
"X_USCONST_5T8_FSGOV","Government expenditure on tertiary education, constant US$ (millions)","AND","Andorra","2019","2019",4.19471,,
"X_USCONST_5T8_FSGOV","Government expenditure on tertiary education, constant US$ (millions)","LKA","Sri Lanka","2015","2015",317.47718,,
"X_USCONST_5T8_FSGOV","Government expenditure on tertiary education, constant US$ (millions)","LKA","Sri Lanka","2016","2016",321.10297,,
"X_USCONST_5T8_FSGOV","Government expenditure on tertiary education, constant US$ (millions)","LKA","Sri Lanka","2017","2017",288.63967,,
"X_USCONST_5T8_FSGOV","Government expenditure on tertiary education, constant US$ (millions)","LKA","Sri Lanka","2018","2018",363.80923,,
"X_USCONST_5T8_FSGOV","Government expenditure on tertiary education, constant US$ (millions)","BRN","Brunei Darussalam","2016","2016",114.74183,,
"X_USCONST_5T8_FSGOV","Government expenditure on tertiary education, constant US$ (millions)","COD","Democratic Republic of the Congo","2015","2015",202.70648,,
"X_USCONST_5T8_FSGOV","Government expenditure on tertiary education, constant US$ (millions)","NER","Niger","2015","2015",62.05394,,
"X_USCONST_5T8_FSGOV","Government expenditure on tertiary education, constant US$ (millions)","NER","Niger","2016","2016",68.83217,,
"X_USCONST_5T8_FSGOV","Government expenditure on tertiary education, constant US$ (millions)","NER","Niger","2017","2017",68.18841,,
"X_USCONST_5T8_FSGOV","Government expenditure on tertiary education, constant US$ (millions)","NER","Niger","2018","2018",80.54006,,
"X_USCONST_5T8_FSGOV","Government expenditure on tertiary education, constant US$ (millions)","PRY","Paraguay","2016","2016",281.92359,,
"X_USCONST_5T8_FSGOV","Government expenditure on tertiary education, constant US$ (millions)","PRY","Paraguay","2020","2020",286.50451,,
"X_USCONST_5T8_FSGOV","Government expenditure on tertiary education, constant US$ (millions)","COM","Comoros","2015","2015",2.79353,,
"X_USCONST_5T8_FSGOV","Government expenditure on tertiary education, constant US$ (millions)","TCA","Turks and Caicos Islands","2015","2015",6.2804,,
"X_USCONST_5T8_FSGOV","Government expenditure on tertiary education, constant US$ (millions)","TCA","Turks and Caicos Islands","2018","2018",7.06772,,
"X_USCONST_5T8_FSGOV","Government expenditure on tertiary education, constant US$ (millions)","TCA","Turks and Caicos Islands","2019","2019",,"a","Category not applicable"
"X_USCONST_5T8_FSGOV","Government expenditure on tertiary education, constant US$ (millions)","CRI","Costa Rica","2015","2015",860.56627,,
"X_USCONST_5T8_FSGOV","Government expenditure on tertiary education, constant US$ (millions)","CRI","Costa Rica","2016","2016",927.70525,,
"X_USCONST_5T8_FSGOV","Government expenditure on tertiary education, constant US$ (millions)","CRI","Costa Rica","2017","2017",1020.46436,,
"X_USCONST_5T8_FSGOV","Government expenditure on tertiary education, constant US$ (millions)","CRI","Costa Rica","2018","2018",981.437,,
"X_USCONST_5T8_FSGOV","Government expenditure on tertiary education, constant US$ (millions)","CRI","Costa Rica","2019","2019",969.74602,,
"X_USCONST_5T8_FSGOV","Government expenditure on tertiary education, constant US$ (millions)","CRI","Costa Rica","2020","2020",890.02797,,
"X_USCONST_5T8_FSGOV","Government expenditure on tertiary education, constant US$ (millions)","KEN","Kenya","2015","2015",476.6782,,
"X_USCONST_5T8_FSGOV","Government expenditure on tertiary education, constant US$ (millions)","ALB","Albania","2015","2015",98.33217,,
"X_USCONST_5T8_FSGOV","Government expenditure on tertiary education, constant US$ (millions)","ALB","Albania","2016","2016",105.69344,,
"X_USCONST_5T8_FSGOV","Government expenditure on tertiary education, constant US$ (millions)","ALB","Albania","2017","2017",98.70944,,
"X_USCONST_5T8_FSGOV","Government expenditure on tertiary education, constant US$ (millions)","ALB","Albania","2019","2019",113.03276,,
"X_USCONST_5T8_FSGOV","Government expenditure on tertiary education, constant US$ (millions)","MWI","Malawi","2015","2015",117.29328,,
"X_USCONST_5T8_FSGOV","Government expenditure on tertiary education, constant US$ (millions)","MWI","Malawi","2016","2016",97.43775,,
"X_USCONST_5T8_FSGOV","Government expenditure on tertiary education, constant US$ (millions)","KNA","Saint Kitts and Nevis","2015","2015",3.83959,,
"X_USCONST_5T8_FSGOV","Government expenditure on tertiary education, constant US$ (millions)","MEX","Mexico","2015","2015",13334.80565,,
"X_USCONST_5T8_FSGOV","Government expenditure on tertiary education, constant US$ (millions)","MEX","Mexico","2016","2016",12611.40188,,
"X_USCONST_5T8_FSGOV","Government expenditure on tertiary education, constant US$ (millions)","MEX","Mexico","2017","2017",11327.06492,,
"X_USCONST_5T8_FSGOV","Government expenditure on tertiary education, constant US$ (millions)","MEX","Mexico","2018","2018",11753.63763,,
"X_USCONST_5T8_FSGOV","Government expenditure on tertiary education, constant US$ (millions)","SEN","Senegal","2015","2015",322.35545,,
"X_USCONST_5T8_FSGOV","Government expenditure on tertiary education, constant US$ (millions)","SEN","Senegal","2016","2016",280.90579,,
"X_USCONST_5T8_FSGOV","Government expenditure on tertiary education, constant US$ (millions)","SEN","Senegal","2018","2018",356.16583,,
"X_USCONST_5T8_FSGOV","Government expenditure on tertiary education, constant US$ (millions)","JPN","Japan","2016","2016",30457.6789,,
"X_USCONST_5T8_FSGOV","Government expenditure on tertiary education, constant US$ (millions)","JPN","Japan","2017","2017",30844.63671,,
"X_USCONST_5T8_FSGOV","Government expenditure on tertiary education, constant US$ (millions)","JPN","Japan","2018","2018",31428.36222,,
"X_USCONST_5T8_FSGOV","Government expenditure on tertiary education, constant US$ (millions)","RUS","Russian Federation","2015","2015",12781.37539,,
"X_USCONST_5T8_FSGOV","Government expenditure on tertiary education, constant US$ (millions)","RUS","Russian Federation","2016","2016",12837.33374,,
"X_USCONST_5T8_FSGOV","Government expenditure on tertiary education, constant US$ (millions)","RUS","Russian Federation","2017","2017",12506.51923,,
"X_USCONST_5T8_FSGOV","Government expenditure on tertiary education, constant US$ (millions)","RUS","Russian Federation","2018","2018",11922.72076,,
"X_USCONST_5T8_FSGOV","Government expenditure on tertiary education, constant US$ (millions)","CHL","Chile","2015","2015",3246.69517,,
"X_USCONST_5T8_FSGOV","Government expenditure on tertiary education, constant US$ (millions)","CHL","Chile","2016","2016",3578.02292,,
"X_USCONST_5T8_FSGOV","Government expenditure on tertiary education, constant US$ (millions)","CHL","Chile","2017","2017",3652.17413,,
"X_USCONST_5T8_FSGOV","Government expenditure on tertiary education, constant US$ (millions)","CHL","Chile","2018","2018",3793.03305,,
"X_USCONST_5T8_FSGOV","Government expenditure on tertiary education, constant US$ (millions)","IND","India","2015","2015",25527.37881,,
"X_USCONST_5T8_FSGOV","Government expenditure on tertiary education, constant US$ (millions)","IND","India","2016","2016",26999.12156,,
"X_USCONST_5T8_FSGOV","Government expenditure on tertiary education, constant US$ (millions)","IND","India","2017","2017",34239.01724,,
"X_USCONST_5T8_FSGOV","Government expenditure on tertiary education, constant US$ (millions)","IND","India","2018","2018",36111.43931,,
"X_USCONST_5T8_FSGOV","Government expenditure on tertiary education, constant US$ (millions)","IND","India","2019","2019",38538.27019,,
"X_USCONST_5T8_FSGOV","Government expenditure on tertiary education, constant US$ (millions)","IND","India","2020","2020",41670.55534,,
"X_USCONST_5T8_FSGOV","Government expenditure on tertiary education, constant US$ (millions)","UKR","Ukraine","2016","2016",2147.93554,,
"X_USCONST_5T8_FSGOV","Government expenditure on tertiary education, constant US$ (millions)","UKR","Ukraine","2017","2017",1950.56791,,
"X_USCONST_5T8_FSGOV","Government expenditure on tertiary education, constant US$ (millions)","UKR","Ukraine","2018","2018",1923.37343,,
"X_USCONST_5T8_FSGOV","Government expenditure on tertiary education, constant US$ (millions)","UKR","Ukraine","2019","2019",2069.80638,,
"X_USCONST_5T8_FSGOV","Government expenditure on tertiary education, constant US$ (millions)","TGO","Togo","2015","2015",52.40999,,
"X_USCONST_5T8_FSGOV","Government expenditure on tertiary education, constant US$ (millions)","TGO","Togo","2016","2016",41.32005,,
"X_USCONST_5T8_FSGOV","Government expenditure on tertiary education, constant US$ (millions)","TGO","Togo","2017","2017",43.51271,,
"X_USCONST_5T8_FSGOV","Government expenditure on tertiary education, constant US$ (millions)","JAM","Jamaica","2015","2015",141.72006,,
"X_USCONST_5T8_FSGOV","Government expenditure on tertiary education, constant US$ (millions)","JAM","Jamaica","2016","2016",146.08757,,
"X_USCONST_5T8_FSGOV","Government expenditure on tertiary education, constant US$ (millions)","JAM","Jamaica","2017","2017",154.84023,,
"X_USCONST_5T8_FSGOV","Government expenditure on tertiary education, constant US$ (millions)","JAM","Jamaica","2018","2018",163.78357,,
"X_USCONST_5T8_FSGOV","Government expenditure on tertiary education, constant US$ (millions)","JAM","Jamaica","2019","2019",144.70705,,
"X_USCONST_5T8_FSGOV","Government expenditure on tertiary education, constant US$ (millions)","TTO","Trinidad and Tobago","2020","2020",280.20058,,
"X_USCONST_5T8_FSGOV","Government expenditure on tertiary education, constant US$ (millions)","GMB","Gambia","2015","2015",3.64607,,
"X_USCONST_5T8_FSGOV","Government expenditure on tertiary education, constant US$ (millions)","AUS","Australia","2015","2015",19339.40168,,
"X_USCONST_5T8_FSGOV","Government expenditure on tertiary education, constant US$ (millions)","AUS","Australia","2016","2016",18368.39892,,
"X_USCONST_5T8_FSGOV","Government expenditure on tertiary education, constant US$ (millions)","AUS","Australia","2017","2017",17094.63405,,
"X_USCONST_5T8_FSGOV","Government expenditure on tertiary education, constant US$ (millions)","AUS","Australia","2018","2018",16031.0213,,
"X_USCONST_5T8_FSGOV","Government expenditure on tertiary education, constant US$ (millions)","GBR","United Kingdom of Great Britain and Northern Ireland","2015","2015",33502.36065,,
"X_USCONST_5T8_FSGOV","Government expenditure on tertiary education, constant US$ (millions)","GBR","United Kingdom of Great Britain and Northern Ireland","2016","2016",37620.74443,,
"X_USCONST_5T8_FSGOV","Government expenditure on tertiary education, constant US$ (millions)","GBR","United Kingdom of Great Britain and Northern Ireland","2017","2017",40076.69735,,
"X_USCONST_5T8_FSGOV","Government expenditure on tertiary education, constant US$ (millions)","GBR","United Kingdom of Great Britain and Northern Ireland","2018","2018",40866.74568,,
"X_USCONST_5T8_FSGOV","Government expenditure on tertiary education, constant US$ (millions)","NOR","Norway","2015","2015",7539.16802,,
"X_USCONST_5T8_FSGOV","Government expenditure on tertiary education, constant US$ (millions)","NOR","Norway","2016","2016",8340.07508,,
"X_USCONST_5T8_FSGOV","Government expenditure on tertiary education, constant US$ (millions)","NOR","Norway","2017","2017",8394.4298,,
"X_USCONST_5T8_FSGOV","Government expenditure on tertiary education, constant US$ (millions)","NOR","Norway","2018","2018",8348.33361,,
"X_USCONST_5T8_FSGOV","Government expenditure on tertiary education, constant US$ (millions)","DEU","Germany","2015","2015",45555.48514,,
"X_USCONST_5T8_FSGOV","Government expenditure on tertiary education, constant US$ (millions)","DEU","Germany","2016","2016",46616.21628,,
"X_USCONST_5T8_FSGOV","Government expenditure on tertiary education, constant US$ (millions)","DEU","Germany","2017","2017",47319.77531,,
"X_USCONST_5T8_FSGOV","Government expenditure on tertiary education, constant US$ (millions)","DEU","Germany","2018","2018",48728.84314,,
"X_USCONST_5T8_FSGOV","Government expenditure on tertiary education, constant US$ (millions)","MLI","Mali","2015","2015",111.57561,,
"X_USCONST_5T8_FSGOV","Government expenditure on tertiary education, constant US$ (millions)","MLI","Mali","2016","2016",100.63692,,
"X_USCONST_5T8_FSGOV","Government expenditure on tertiary education, constant US$ (millions)","MLI","Mali","2017","2017",103.17312,,
"X_USCONST_5T8_FSGOV","Government expenditure on tertiary education, constant US$ (millions)","SLE","Sierra Leone","2016","2016",57.33208,,
"X_USCONST_5T8_FSGOV","Government expenditure on tertiary education, constant US$ (millions)","SLE","Sierra Leone","2017","2017",102.9769,,
"X_USCONST_5T8_FSGOV","Government expenditure on tertiary education, constant US$ (millions)","SLE","Sierra Leone","2018","2018",125.49015,,
"X_USCONST_5T8_FSGOV","Government expenditure on tertiary education, constant US$ (millions)","SLE","Sierra Leone","2019","2019",122.04243,,
"X_USCONST_5T8_FSGOV","Government expenditure on tertiary education, constant US$ (millions)","SLE","Sierra Leone","2020","2020",142.90522,,
"X_USCONST_5T8_FSGOV","Government expenditure on tertiary education, constant US$ (millions)","BLZ","Belize","2015","2015",14.46479,,
"X_USCONST_5T8_FSGOV","Government expenditure on tertiary education, constant US$ (millions)","BLZ","Belize","2016","2016",13.4237,,
"X_USCONST_5T8_FSGOV","Government expenditure on tertiary education, constant US$ (millions)","BLZ","Belize","2017","2017",12.90375,,
"X_USCONST_5T8_FSGOV","Government expenditure on tertiary education, constant US$ (millions)","BLZ","Belize","2018","2018",13.11056,,
"X_USCONST_5T8_FSGOV","Government expenditure on tertiary education, constant US$ (millions)","BLZ","Belize","2019","2019",13.53649,,
"X_USCONST_5T8_FSGOV","Government expenditure on tertiary education, constant US$ (millions)","SLV","El Salvador","2015","2015",75.27142,,
"X_USCONST_5T8_FSGOV","Government expenditure on tertiary education, constant US$ (millions)","SLV","El Salvador","2016","2016",77.0174,,
"X_USCONST_5T8_FSGOV","Government expenditure on tertiary education, constant US$ (millions)","SLV","El Salvador","2017","2017",89.53582,,
"X_USCONST_5T8_FSGOV","Government expenditure on tertiary education, constant US$ (millions)","SLV","El Salvador","2018","2018",86.87604,,
"X_USCONST_5T8_FSGOV","Government expenditure on tertiary education, constant US$ (millions)","SLV","El Salvador","2019","2019",90.46801,,
"X_USCONST_5T8_FSGOV","Government expenditure on tertiary education, constant US$ (millions)","KOR","Republic of Korea","2015","2015",13183.88671,,
"X_USCONST_5T8_FSGOV","Government expenditure on tertiary education, constant US$ (millions)","KOR","Republic of Korea","2016","2016",13480.24867,,
"X_USCONST_5T8_FSGOV","Government expenditure on tertiary education, constant US$ (millions)","KOR","Republic of Korea","2017","2017",13290.80657,,
"X_USCONST_5T8_FSGOV","Government expenditure on tertiary education, constant US$ (millions)","KOR","Republic of Korea","2018","2018",14055.59067,,
"X_USCONST_5T8_FSGOV","Government expenditure on tertiary education, constant US$ (millions)","CPV","Cabo Verde","2015","2015",16.03426,,
"X_USCONST_5T8_FSGOV","Government expenditure on tertiary education, constant US$ (millions)","CPV","Cabo Verde","2016","2016",16.1428,,
"X_USCONST_5T8_FSGOV","Government expenditure on tertiary education, constant US$ (millions)","CPV","Cabo Verde","2017","2017",15.94593,,
"X_USCONST_5T8_FSGOV","Government expenditure on tertiary education, constant US$ (millions)","CPV","Cabo Verde","2019","2019",9.3882,,
"X_USCONST_5T8_FSGOV","Government expenditure on tertiary education, constant US$ (millions)","SRB","Serbia","2015","2015",510.6651,,
"X_USCONST_5T8_FSGOV","Government expenditure on tertiary education, constant US$ (millions)","SRB","Serbia","2016","2016",486.24095,,
"X_USCONST_5T8_FSGOV","Government expenditure on tertiary education, constant US$ (millions)","SRB","Serbia","2017","2017",524.70733,,
"X_USCONST_5T8_FSGOV","Government expenditure on tertiary education, constant US$ (millions)","SRB","Serbia","2018","2018",488.22346,,
"X_USCONST_5T8_FSGOV","Government expenditure on tertiary education, constant US$ (millions)","SRB","Serbia","2019","2019",535.63854,,
"X_USCONST_5T8_FSGOV","Government expenditure on tertiary education, constant US$ (millions)","IDN","Indonesia","2015","2015",5198.4108,,
"X_USCONST_5T8_FSGOV","Government expenditure on tertiary education, constant US$ (millions)","KGZ","Kyrgyzstan","2016","2016",15.53613,,
"X_USCONST_5T8_FSGOV","Government expenditure on tertiary education, constant US$ (millions)","KGZ","Kyrgyzstan","2017","2017",14.93212,,
"X_USCONST_5T8_FSGOV","Government expenditure on tertiary education, constant US$ (millions)","MAC","China, Macao Special Administrative Region","2015","2015",616.89848,,
"X_USCONST_5T8_FSGOV","Government expenditure on tertiary education, constant US$ (millions)","MAC","China, Macao Special Administrative Region","2016","2016",588.69165,,
"X_USCONST_5T8_FSGOV","Government expenditure on tertiary education, constant US$ (millions)","MAC","China, Macao Special Administrative Region","2017","2017",534.37045,,
"X_USCONST_5T8_FSGOV","Government expenditure on tertiary education, constant US$ (millions)","MAC","China, Macao Special Administrative Region","2018","2018",594.51453,,
"X_USCONST_5T8_FSGOV","Government expenditure on tertiary education, constant US$ (millions)","MAC","China, Macao Special Administrative Region","2019","2019",674.07339,,
"X_USCONST_5T8_FSGOV","Government expenditure on tertiary education, constant US$ (millions)","TUN","Tunisia","2015","2015",579.23582,,
"X_USCONST_5T8_FSGOV","Government expenditure on tertiary education, constant US$ (millions)","CAN","Canada","2015","2015",26097.06935,,
"X_USCONST_5T8_FSGOV","Government expenditure on tertiary education, constant US$ (millions)","CAN","Canada","2016","2016",26075.99117,,
"X_USCONST_5T8_FSGOV","Government expenditure on tertiary education, constant US$ (millions)","CAN","Canada","2017","2017",26985.59448,,
"X_USCONST_5T8_FSGOV","Government expenditure on tertiary education, constant US$ (millions)","CAN","Canada","2018","2018",27423.89766,,
"X_USCONST_5T8_FSGOV","Government expenditure on tertiary education, constant US$ (millions)","BEN","Benin","2015","2015",81.23004,,
"X_USCONST_5T8_FSGOV","Government expenditure on tertiary education, constant US$ (millions)","USA","United States of America","2015","2015",254722.32603,,
"X_USCONST_5T8_FSGOV","Government expenditure on tertiary education, constant US$ (millions)","USA","United States of America","2016","2016",232561.23269,,
"X_USCONST_5T8_FSGOV","Government expenditure on tertiary education, constant US$ (millions)","USA","United States of America","2017","2017",285123.03906,,
"X_USCONST_5T8_FSGOV","Government expenditure on tertiary education, constant US$ (millions)","USA","United States of America","2018","2018",255126.81447,,
"X_USCONST_5T8_FSGOV","Government expenditure on tertiary education, constant US$ (millions)","BRA","Brazil","2015","2015",24855.10191,,
"X_USCONST_5T8_FSGOV","Government expenditure on tertiary education, constant US$ (millions)","BRA","Brazil","2016","2016",24865.68946,,
"X_USCONST_5T8_FSGOV","Government expenditure on tertiary education, constant US$ (millions)","BRA","Brazil","2017","2017",27652.8573,,
"X_USCONST_5T8_FSGOV","Government expenditure on tertiary education, constant US$ (millions)","BRA","Brazil","2018","2018",25488.89488,,
"X_USCONST_5T8_FSGOV","Government expenditure on tertiary education, constant US$ (millions)","GRC","Greece","2015","2015",1432.43674,,
"X_USCONST_5T8_FSGOV","Government expenditure on tertiary education, constant US$ (millions)","GRC","Greece","2017","2017",1251.8889,,
"X_USCONST_5T8_FSGOV","Government expenditure on tertiary education, constant US$ (millions)","GRC","Greece","2018","2018",1348.03173,,
"X_USCONST_5T8_FSGOV","Government expenditure on tertiary education, constant US$ (millions)","SGP","Singapore","2016","2016",3326.34268,,
"X_USCONST_5T8_FSGOV","Government expenditure on tertiary education, constant US$ (millions)","SGP","Singapore","2017","2017",2841.06401,,
"X_USCONST_5T8_FSGOV","Government expenditure on tertiary education, constant US$ (millions)","SGP","Singapore","2018","2018",3157.95579,,
"X_USCONST_5T8_FSGOV","Government expenditure on tertiary education, constant US$ (millions)","SGP","Singapore","2019","2019",2969.04489,,
"X_USCONST_5T8_FSGOV","Government expenditure on tertiary education, constant US$ (millions)","SVK","Slovakia","2015","2015",1293.49981,,
"X_USCONST_5T8_FSGOV","Government expenditure on tertiary education, constant US$ (millions)","SVK","Slovakia","2016","2016",799.94511,,
"X_USCONST_5T8_FSGOV","Government expenditure on tertiary education, constant US$ (millions)","SVK","Slovakia","2017","2017",777.67958,,
"X_USCONST_5T8_FSGOV","Government expenditure on tertiary education, constant US$ (millions)","SVK","Slovakia","2018","2018",777.04031,,
"X_USCONST_5T8_FSGOV","Government expenditure on tertiary education, constant US$ (millions)","IRL","Ireland","2015","2015",2754.18489,,
"X_USCONST_5T8_FSGOV","Government expenditure on tertiary education, constant US$ (millions)","IRL","Ireland","2016","2016",2346.88823,,
"X_USCONST_5T8_FSGOV","Government expenditure on tertiary education, constant US$ (millions)","IRL","Ireland","2017","2017",3397.67484,,
"X_USCONST_5T8_FSGOV","Government expenditure on tertiary education, constant US$ (millions)","IRL","Ireland","2018","2018",3479.40843,,
"X_USCONST_5T8_FSGOV","Government expenditure on tertiary education, constant US$ (millions)","HND","Honduras","2015","2015",188.4166,,
"X_USCONST_5T8_FSGOV","Government expenditure on tertiary education, constant US$ (millions)","GTM","Guatemala","2015","2015",283.3065,,
"X_USCONST_5T8_FSGOV","Government expenditure on tertiary education, constant US$ (millions)","GTM","Guatemala","2016","2016",300.21701,,
"X_USCONST_5T8_FSGOV","Government expenditure on tertiary education, constant US$ (millions)","GTM","Guatemala","2017","2017",279.9403,,
"X_USCONST_5T8_FSGOV","Government expenditure on tertiary education, constant US$ (millions)","GTM","Guatemala","2018","2018",323.21776,,
"X_USCONST_5T8_FSGOV","Government expenditure on tertiary education, constant US$ (millions)","GTM","Guatemala","2019","2019",331.1145,,
"X_USCONST_5T8_FSGOV","Government expenditure on tertiary education, constant US$ (millions)","GTM","Guatemala","2020","2020",294.94448,,
"X_USCONST_5T8_FSGOV","Government expenditure on tertiary education, constant US$ (millions)","PER","Peru","2015","2015",1287.92993,,
"X_USCONST_5T8_FSGOV","Government expenditure on tertiary education, constant US$ (millions)","PER","Peru","2016","2016",1357.85921,,
"X_USCONST_5T8_FSGOV","Government expenditure on tertiary education, constant US$ (millions)","PER","Peru","2017","2017",1408.98343,,
"X_USCONST_5T8_FSGOV","Government expenditure on tertiary education, constant US$ (millions)","PER","Peru","2018","2018",1309.434,,
"X_USCONST_5T8_FSGOV","Government expenditure on tertiary education, constant US$ (millions)","PER","Peru","2019","2019",1579.81726,,
"X_USCONST_5T8_FSGOV","Government expenditure on tertiary education, constant US$ (millions)","PER","Peru","2020","2020",1473.57016,,
"X_USCONST_5T8_FSGOV","Government expenditure on tertiary education, constant US$ (millions)","TCD","Chad","2018","2018",25.38948,,
"X_USCONST_5T8_FSGOV","Government expenditure on tertiary education, constant US$ (millions)","TCD","Chad","2020","2020",52.19482,,
"X_USCONST_5T8_FSGOV","Government expenditure on tertiary education, constant US$ (millions)","OMN","Oman","2016","2016",979.85624,,
"X_USCONST_5T8_FSGOV","Government expenditure on tertiary education, constant US$ (millions)","CHE","Switzerland","2015","2015",8789.53496,,
"X_USCONST_5T8_FSGOV","Government expenditure on tertiary education, constant US$ (millions)","CHE","Switzerland","2016","2016",8859.13244,,
"X_USCONST_5T8_FSGOV","Government expenditure on tertiary education, constant US$ (millions)","CHE","Switzerland","2017","2017",9210.61427,,
"X_USCONST_5T8_FSGOV","Government expenditure on tertiary education, constant US$ (millions)","CHE","Switzerland","2018","2018",9350.37791,,
"X_USCONST_5T8_FSGOV","Government expenditure on tertiary education, constant US$ (millions)","CIV","Côte d'Ivoire","2015","2015",335.70596,"‡","UIS Estimation"
"X_USCONST_5T8_FSGOV","Government expenditure on tertiary education, constant US$ (millions)","CIV","Côte d'Ivoire","2016","2016",417.71483,,
"X_USCONST_5T8_FSGOV","Government expenditure on tertiary education, constant US$ (millions)","CIV","Côte d'Ivoire","2017","2017",510.49286,,
"X_USCONST_5T8_FSGOV","Government expenditure on tertiary education, constant US$ (millions)","CIV","Côte d'Ivoire","2018","2018",250.44896,,
"X_USCONST_5T8_FSGOV","Government expenditure on tertiary education, constant US$ (millions)","FIN","Finland","2015","2015",4639.99584,,
"X_USCONST_5T8_FSGOV","Government expenditure on tertiary education, constant US$ (millions)","FIN","Finland","2016","2016",4621.11378,,
"X_USCONST_5T8_FSGOV","Government expenditure on tertiary education, constant US$ (millions)","FIN","Finland","2017","2017",4331.33933,,
"X_USCONST_5T8_FSGOV","Government expenditure on tertiary education, constant US$ (millions)","FIN","Finland","2018","2018",4080.04121,,
"X_USCONST_5T8_FSGOV","Government expenditure on tertiary education, constant US$ (millions)","MNG","Mongolia","2015","2015",56.30239,,
"X_USCONST_5T8_FSGOV","Government expenditure on tertiary education, constant US$ (millions)","MNG","Mongolia","2016","2016",67.15296,,
"X_USCONST_5T8_FSGOV","Government expenditure on tertiary education, constant US$ (millions)","MNG","Mongolia","2017","2017",32.55866,,
"X_USCONST_5T8_FSGOV","Government expenditure on tertiary education, constant US$ (millions)","MYS","Malaysia","2016","2016",3504.12875,,
"X_USCONST_5T8_FSGOV","Government expenditure on tertiary education, constant US$ (millions)","MYS","Malaysia","2017","2017",3274.08461,,
"X_USCONST_5T8_FSGOV","Government expenditure on tertiary education, constant US$ (millions)","MYS","Malaysia","2018","2018",3343.81241,,
"X_USCONST_5T8_FSGOV","Government expenditure on tertiary education, constant US$ (millions)","MYS","Malaysia","2019","2019",3452.23633,,
"X_USCONST_5T8_FSGOV","Government expenditure on tertiary education, constant US$ (millions)","MYS","Malaysia","2020","2020",2066.19325,,
"X_USCONST_5T8_FSGOV","Government expenditure on tertiary education, constant US$ (millions)","EST","Estonia","2015","2015",365.09825,,
"X_USCONST_5T8_FSGOV","Government expenditure on tertiary education, constant US$ (millions)","EST","Estonia","2016","2016",378.643,,
"X_USCONST_5T8_FSGOV","Government expenditure on tertiary education, constant US$ (millions)","EST","Estonia","2017","2017",324.94481,,
"X_USCONST_5T8_FSGOV","Government expenditure on tertiary education, constant US$ (millions)","EST","Estonia","2018","2018",352.05769,,
"X_USCONST_5T8_FSGOV","Government expenditure on tertiary education, constant US$ (millions)","BLR","Belarus","2015","2015",494.29691,,
"X_USCONST_5T8_FSGOV","Government expenditure on tertiary education, constant US$ (millions)","BLR","Belarus","2016","2016",478.35073,,
"X_USCONST_5T8_FSGOV","Government expenditure on tertiary education, constant US$ (millions)","BLR","Belarus","2017","2017",486.57496,,
"X_USCONST_5T8_FSGOV","Government expenditure on tertiary education, constant US$ (millions)","BLR","Belarus","2019","2019",523.75578,,
"X_USCONST_5T8_FSGOV","Government expenditure on tertiary education, constant US$ (millions)","BLR","Belarus","2020","2020",530.05874,,
"X_USCONST_5T8_FSGOV","Government expenditure on tertiary education, constant US$ (millions)","ARG","Argentina","2015","2015",5580.64972,,
"X_USCONST_5T8_FSGOV","Government expenditure on tertiary education, constant US$ (millions)","ARG","Argentina","2016","2016",5203.42114,,
"X_USCONST_5T8_FSGOV","Government expenditure on tertiary education, constant US$ (millions)","ARG","Argentina","2017","2017",5704.62579,,
"X_USCONST_5T8_FSGOV","Government expenditure on tertiary education, constant US$ (millions)","ARG","Argentina","2018","2018",5151.58676,,
"X_USCONST_5T8_FSGOV","Government expenditure on tertiary education, constant US$ (millions)","ARG","Argentina","2019","2019",4376.94297,,
"X_USCONST_5T8_FSGOV","Government expenditure on tertiary education, constant US$ (millions)","GIN","Guinea","2015","2015",96.88977,,
"X_USCONST_5T8_FSGOV","Government expenditure on tertiary education, constant US$ (millions)","GIN","Guinea","2016","2016",101.77791,,
"X_USCONST_5T8_FSGOV","Government expenditure on tertiary education, constant US$ (millions)","GIN","Guinea","2017","2017",102.37138,,
"X_USCONST_5T8_FSGOV","Government expenditure on tertiary education, constant US$ (millions)","GIN","Guinea","2018","2018",52.75564,,
"X_USCONST_5T8_FSGOV","Government expenditure on tertiary education, constant US$ (millions)","RWA","Rwanda","2015","2015",56.34168,"‡","UIS Estimation"
"X_USCONST_5T8_FSGOV","Government expenditure on tertiary education, constant US$ (millions)","RWA","Rwanda","2018","2018",54.0972,,
"X_USCONST_5T8_FSGOV","Government expenditure on tertiary education, constant US$ (millions)","ECU","Ecuador","2015","2015",2295.71526,,
"X_USCONST_5T8_FSGOV","Government expenditure on tertiary education, constant US$ (millions)","ECU","Ecuador","2019","2019",1274.34557,,
"X_USCONST_5T8_FSGOV","Government expenditure on tertiary education, constant US$ (millions)","ECU","Ecuador","2020","2020",1136.57772,,
"X_USCONST_5T8_FSGOV","Government expenditure on tertiary education, constant US$ (millions)","LSO","Lesotho","2018","2018",13.73646,,
"X_USCONST_5T8_FSGOV","Government expenditure on tertiary education, constant US$ (millions)","HKG","China, Hong Kong Special Administrative Region","2015","2015",3119.95928,,
"X_USCONST_5T8_FSGOV","Government expenditure on tertiary education, constant US$ (millions)","HKG","China, Hong Kong Special Administrative Region","2016","2016",3323.76551,,
"X_USCONST_5T8_FSGOV","Government expenditure on tertiary education, constant US$ (millions)","HKG","China, Hong Kong Special Administrative Region","2017","2017",3195.92511,,
"X_USCONST_5T8_FSGOV","Government expenditure on tertiary education, constant US$ (millions)","HKG","China, Hong Kong Special Administrative Region","2018","2018",3437.88398,,
"X_USCONST_5T8_FSGOV","Government expenditure on tertiary education, constant US$ (millions)","HKG","China, Hong Kong Special Administrative Region","2019","2019",4802.7046,,
"X_USCONST_5T8_FSGOV","Government expenditure on tertiary education, constant US$ (millions)","HKG","China, Hong Kong Special Administrative Region","2020","2020",6519.46807,,
"X_USCONST_5T8_FSGOV","Government expenditure on tertiary education, constant US$ (millions)","PAK","Pakistan","2015","2015",1538.61967,,
"X_USCONST_5T8_FSGOV","Government expenditure on tertiary education, constant US$ (millions)","PAK","Pakistan","2016","2016",1646.45545,,
"X_USCONST_5T8_FSGOV","Government expenditure on tertiary education, constant US$ (millions)","PAK","Pakistan","2017","2017",1805.19586,,
"X_USCONST_5T8_FSGOV","Government expenditure on tertiary education, constant US$ (millions)","TUR","Turkey","2018","2018",11251.72921,,
"X_USCONST_5T8_FSGOV","Government expenditure on tertiary education, constant US$ (millions)","JOR","Jordan","2016","2016",184.5028,,
"X_USCONST_5T8_FSGOV","Government expenditure on tertiary education, constant US$ (millions)","JOR","Jordan","2017","2017",171.57523,,
"X_USCONST_5T8_FSGOV","Government expenditure on tertiary education, constant US$ (millions)","JOR","Jordan","2018","2018",116.83244,,
"X_USCONST_5T8_FSGOV","Government expenditure on tertiary education, constant US$ (millions)","JOR","Jordan","2019","2019",113.69437,,
"X_USCONST_5T8_FSGOV","Government expenditure on tertiary education, constant US$ (millions)","AUT","Austria","2015","2015",7303.70491,,
"X_USCONST_5T8_FSGOV","Government expenditure on tertiary education, constant US$ (millions)","AUT","Austria","2016","2016",7447.24679,,
"X_USCONST_5T8_FSGOV","Government expenditure on tertiary education, constant US$ (millions)","AUT","Austria","2017","2017",7322.27702,,
"X_USCONST_5T8_FSGOV","Government expenditure on tertiary education, constant US$ (millions)","AUT","Austria","2018","2018",7447.18048,,
"X_USCONST_5T8_FSGOV","Government expenditure on tertiary education, constant US$ (millions)","CYP","Cyprus","2015","2015",269.05541,,
"X_USCONST_5T8_FSGOV","Government expenditure on tertiary education, constant US$ (millions)","CYP","Cyprus","2016","2016",279.27944,,
"X_USCONST_5T8_FSGOV","Government expenditure on tertiary education, constant US$ (millions)","CYP","Cyprus","2017","2017",265.9776,,
"X_USCONST_5T8_FSGOV","Government expenditure on tertiary education, constant US$ (millions)","FRA","France","2017","2017",32260.56827,,
"X_USCONST_5T8_FSGOV","Government expenditure on tertiary education, constant US$ (millions)","FRA","France","2018","2018",32897.84815,,
"X_USCONST_5T8_FSGOV","Government expenditure on tertiary education, constant US$ (millions)","POL","Poland","2015","2015",6087.558,,
"X_USCONST_5T8_FSGOV","Government expenditure on tertiary education, constant US$ (millions)","POL","Poland","2016","2016",5464.58323,,
"X_USCONST_5T8_FSGOV","Government expenditure on tertiary education, constant US$ (millions)","POL","Poland","2017","2017",5823.14884,,
"X_USCONST_5T8_FSGOV","Government expenditure on tertiary education, constant US$ (millions)","POL","Poland","2018","2018",6042.84411,,
"X_USCONST_5T8_FSGOV","Government expenditure on tertiary education, constant US$ (millions)","ZMB","Zambia","2015","2015",112.53732,,
"X_USCONST_5T8_FSGOV","Government expenditure on tertiary education, constant US$ (millions)","ZMB","Zambia","2016","2016",98.651,,
"X_USCONST_5T8_FSGOV","Government expenditure on tertiary education, constant US$ (millions)","ZMB","Zambia","2017","2017",73.44538,,
"X_USCONST_5T8_FSGOV","Government expenditure on tertiary education, constant US$ (millions)","SYC","Seychelles","2016","2016",14.03643,,
"X_USCONST_5T8_FSGOV","Government expenditure on tertiary education, constant US$ (millions)","AZE","Azerbaijan","2015","2015",180.40921,,
"X_USCONST_5T8_FSGOV","Government expenditure on tertiary education, constant US$ (millions)","AZE","Azerbaijan","2016","2016",229.20272,,
"X_USCONST_5T8_FSGOV","Government expenditure on tertiary education, constant US$ (millions)","AZE","Azerbaijan","2017","2017",187.88604,,
"X_USCONST_5T8_FSGOV","Government expenditure on tertiary education, constant US$ (millions)","AZE","Azerbaijan","2018","2018",211.38785,,
"X_USCONST_5T8_FSGOV","Government expenditure on tertiary education, constant US$ (millions)","AZE","Azerbaijan","2019","2019",225.72959,,
"X_USCONST_5T8_FSGOV","Government expenditure on tertiary education, constant US$ (millions)","ETH","Ethiopia","2015","2015",1351.33788,,
"X_USCONST_5T8_FSGOV","Government expenditure on tertiary education, constant US$ (millions)","MLT","Malta","2015","2015",154.99876,,
"X_USCONST_5T8_FSGOV","Government expenditure on tertiary education, constant US$ (millions)","MLT","Malta","2016","2016",173.70006,,
"X_USCONST_5T8_FSGOV","Government expenditure on tertiary education, constant US$ (millions)","MLT","Malta","2017","2017",166.10513,,
"X_USCONST_5T8_FSGOV","Government expenditure on tertiary education, constant US$ (millions)","BGR","Bulgaria","2017","2017",520.51989,,
"X_USCONST_5T8_FSGOV","Government expenditure on tertiary education, constant US$ (millions)","VUT","Vanuatu","2019","2019",1.50322,,
"X_USCONST_5T8_FSGOV","Government expenditure on tertiary education, constant US$ (millions)","VUT","Vanuatu","2020","2020",2.5994,,
"X_USCONST_5T8_FSGOV","Government expenditure on tertiary education, constant US$ (millions)","TJK","Tajikistan","2015","2015",30.99718,,
"X_USCONST_5T8_FSGOV","Government expenditure on tertiary education, constant US$ (millions)","COL","Colombia","2015","2015",2820.40989,,
"X_USCONST_5T8_FSGOV","Government expenditure on tertiary education, constant US$ (millions)","COL","Colombia","2016","2016",3098.79036,,
"X_USCONST_5T8_FSGOV","Government expenditure on tertiary education, constant US$ (millions)","COL","Colombia","2017","2017",3114.76024,,
"X_USCONST_5T8_FSGOV","Government expenditure on tertiary education, constant US$ (millions)","COL","Colombia","2018","2018",3248.3248,,
"X_USCONST_5T8_FSGOV","Government expenditure on tertiary education, constant US$ (millions)","COL","Colombia","2019","2019",2385.55087,,
"X_USCONST_5T8_FSGOV","Government expenditure on tertiary education, constant US$ (millions)","COL","Colombia","2020","2020",2406.30502,,
"X_USCONST_5T8_FSGOV","Government expenditure on tertiary education, constant US$ (millions)","ESP","Spain","2015","2015",12050.9814,,
"X_USCONST_5T8_FSGOV","Government expenditure on tertiary education, constant US$ (millions)","ESP","Spain","2016","2016",11934.6102,,
"X_USCONST_5T8_FSGOV","Government expenditure on tertiary education, constant US$ (millions)","ESP","Spain","2017","2017",12464.35875,,
"X_USCONST_5T8_FSGOV","Government expenditure on tertiary education, constant US$ (millions)","ESP","Spain","2018","2018",12617.91074,,
"X_USCONST_5T8_FSGOV","Government expenditure on tertiary education, constant US$ (millions)","AFG","Afghanistan","2015","2015",88.47385,,
"X_USCONST_5T8_FSGOV","Government expenditure on tertiary education, constant US$ (millions)","CZE","Czechia","2015","2015",1688.18144,,
"X_USCONST_5T8_FSGOV","Government expenditure on tertiary education, constant US$ (millions)","CZE","Czechia","2016","2016",1579.63042,,
"X_USCONST_5T8_FSGOV","Government expenditure on tertiary education, constant US$ (millions)","CZE","Czechia","2017","2017",1652.18486,,
"X_USCONST_5T8_FSGOV","Government expenditure on tertiary education, constant US$ (millions)","CZE","Czechia","2018","2018",2263.27916,,
"X_USCONST_5T8_FSGOV","Government expenditure on tertiary education, constant US$ (millions)","LCA","Saint Lucia","2018","2018",,"n","Magnitude nil or negligible"
"X_USCONST_5T8_FSGOV","Government expenditure on tertiary education, constant US$ (millions)","LCA","Saint Lucia","2020","2020",,"n","Magnitude nil or negligible"
"X_USCONST_5T8_FSGOV","Government expenditure on tertiary education, constant US$ (millions)","MDA","Republic of Moldova","2016","2016",96.19479,,
"X_USCONST_5T8_FSGOV","Government expenditure on tertiary education, constant US$ (millions)","MDA","Republic of Moldova","2017","2017",91.66158,,
"X_USCONST_5T8_FSGOV","Government expenditure on tertiary education, constant US$ (millions)","MDA","Republic of Moldova","2018","2018",74.73794,,
"X_USCONST_5T8_FSGOV","Government expenditure on tertiary education, constant US$ (millions)","MDA","Republic of Moldova","2019","2019",114.69464,,
"X_USCONST_5T8_FSGOV","Government expenditure on tertiary education, constant US$ (millions)","MDA","Republic of Moldova","2020","2020",101.80559,,
"X_USCONST_5T8_FSGOV","Government expenditure on tertiary education, constant US$ (millions)","HUN","Hungary","2015","2015",897.37809,,
"X_USCONST_5T8_FSGOV","Government expenditure on tertiary education, constant US$ (millions)","HUN","Hungary","2016","2016",1056.35156,,
"X_USCONST_5T8_FSGOV","Government expenditure on tertiary education, constant US$ (millions)","HUN","Hungary","2017","2017",1175.74846,,
"X_USCONST_5T8_FSGOV","Government expenditure on tertiary education, constant US$ (millions)","HUN","Hungary","2018","2018",1265.36879,,
"X_USCONST_5T8_FSGOV","Government expenditure on tertiary education, constant US$ (millions)","MRT","Mauritania","2015","2015",24.78714,,
"X_USCONST_5T8_FSGOV","Government expenditure on tertiary education, constant US$ (millions)","MRT","Mauritania","2016","2016",23.15041,,
"X_USCONST_5T8_FSGOV","Government expenditure on tertiary education, constant US$ (millions)","MRT","Mauritania","2019","2019",26.73104,,
"X_USCONST_5T8_FSGOV","Government expenditure on tertiary education, constant US$ (millions)","MRT","Mauritania","2020","2020",27.04397,,
"X_USCONST_5T8_FSGOV","Government expenditure on tertiary education, constant US$ (millions)","NLD","Netherlands","2015","2015",13361.53536,,
"X_USCONST_5T8_FSGOV","Government expenditure on tertiary education, constant US$ (millions)","NLD","Netherlands","2016","2016",14825.63224,,
"X_USCONST_5T8_FSGOV","Government expenditure on tertiary education, constant US$ (millions)","NLD","Netherlands","2017","2017",13848.85572,,
"X_USCONST_5T8_FSGOV","Government expenditure on tertiary education, constant US$ (millions)","NLD","Netherlands","2018","2018",15235.59105,,
"X_USCONST_5T8_FSGOV","Government expenditure on tertiary education, constant US$ (millions)","BGD","Bangladesh","2016","2016",1235.34509,,
"X_USCONST_5T8_FSGOV","Government expenditure on tertiary education, constant US$ (millions)","BGD","Bangladesh","2019","2019",1250.8509,,
"X_USCONST_5T8_FSGOV","Government expenditure on tertiary education, constant US$ (millions)","BGD","Bangladesh","2020","2020",1219.99068,,
"X_USCONST_5T8_FSGOV","Government expenditure on tertiary education, constant US$ (millions)","MMR","Myanmar","2017","2017",156.58376,,
"X_USCONST_5T8_FSGOV","Government expenditure on tertiary education, constant US$ (millions)","MMR","Myanmar","2018","2018",201.17054,,
"X_USCONST_5T8_FSGOV","Government expenditure on tertiary education, constant US$ (millions)","MMR","Myanmar","2019","2019",215.05658,,
"X_USCONST_5T8_FSGOV","Government expenditure on tertiary education, constant US$ (millions)","SMR","San Marino","2017","2017",3.57804,,
"X_USCONST_5T8_FSGOV","Government expenditure on tertiary education, constant US$ (millions)","SMR","San Marino","2018","2018",3.69356,,
"X_USCONST_5T8_FSGOV","Government expenditure on tertiary education, constant US$ (millions)","SMR","San Marino","2019","2019",3.60266,,
"X_USCONST_5T8_FSGOV","Government expenditure on tertiary education, constant US$ (millions)","GRD","Grenada","2017","2017",4.97482,,
"X_USCONST_5T8_FSGOV","Government expenditure on tertiary education, constant US$ (millions)","WSM","Samoa","2016","2016",2.90999,,
"X_USCONST_5T8_FSGOV","Government expenditure on tertiary education, constant US$ (millions)","BMU","Bermuda","2017","2017",15.75937,,
"X_USCONST_5T8_FSGOV","Government expenditure on tertiary education, constant US$ (millions)","BIH","Bosnia and Herzegovina","2016","2016",137.59959,,
"X_USCONST_5T8_FSGOV","Government expenditure on tertiary education, constant US$ (millions)","BIH","Bosnia and Herzegovina","2018","2018",146.13415,,
"X_USCONST_5T8_FSGOV","Government expenditure on tertiary education, constant US$ (millions)","MHL","Marshall Islands","2019","2019",0.49651,,
"X_USCONST_5T8_FSGOV","Government expenditure on tertiary education, constant US$ (millions)","ARE","United Arab Emirates","2019","2019",2970.62727,,
"X_USCONST_5T8_FSGOV","Government expenditure on tertiary education, constant US$ (millions)","ARE","United Arab Emirates","2020","2020",2459.5501,,
"X_USCONST_5T8_FSGOV","Government expenditure on tertiary education, constant US$ (millions)","UZB","Uzbekistan","2018","2018",375.83467,,
"X_USCONST_5T8_FSGOV","Government expenditure on tertiary education, constant US$ (millions)","UZB","Uzbekistan","2020","2020",172.07157,,
