university_name,arts_and_humanities,business_and_economics,clinical_preclinical_and_health,computer_science,education,engineering_and_technology,law,life_sciences,phyiscal_sciences,psychology,social_sciences
AGH University of Science and Technology,,,,25.95,,13.85,,,25.25,,23.2
Aalborg University,27.45,45.55,37.6,45.5,32.599999999999994,55.9,,,,35.35,44.25
Aalto University,38.6,60.7,,61.8,,52.25,,,,,
Aarhus University,45.8,45.55,47.8,53.1,52.1,45.1,21.6,60.2,55.05,52.1,56.4
Aberystwyth University,23.85,,,,,,,47.15,45.2,,41.75
Acharya Nagarjuna University,,,,,,,,,14.15,,
Acıbadem University,,,21.5,,,,,,,,
"Adam Mickiewicz University, Poznań",15.85,,,,27.25,,,26.4,25.25,21.25,23.2
Aichi Medical University,,,21.5,,,,,,,,
Ain Shams University,,,37.6,25.95,,22.65,,15.2,,,
Aix-Marseille University,30.6,17.200000000000003,40.2,30.7,36.75,32.7,,43.7,41.25,35.35,35.85
Ajou University,,,27.55,17.299999999999997,,22.65,,,14.15,,23.2
Akdeniz University,,,21.5,,,13.85,,15.2,14.15,,
Akita University,,,21.5,,,13.85,,,14.15,,
Al-Azhar University,,,27.55,,,13.85,,,,,
Al-Farabi Kazakh National University,,,,,,22.65,,,14.15,,
Alexandria University,,,34.3,25.95,,22.65,,15.2,14.15,,
Alexandru Ioan Cuza University,15.85,17.200000000000003,,,,,,,14.15,,15.3
Alfaisal University,,,37.6,,,,,38.9,,,
Aligarh Muslim University,,,21.5,,,22.65,,38.9,32.05,,
Alzahra University,,,,,,22.65,,,14.15,,
Amedeo Avogadro University of Eastern Piedmont,,,30.75,,,,,32.650000000000006,36.35,,
American University,15.85,31.6,,,32.599999999999994,,46.2,,,21.25,35.85
American University in Cairo,,,,,,22.65,,,25.25,,15.3
American University of Beirut,23.85,31.6,40.2,30.7,32.599999999999994,28.8,,26.4,25.25,,32.3
American University of Sharjah,,35.45,,,,22.65,,,14.15,,
Amirkabir University of Technology,,31.6,,30.7,,36.7,,,32.05,,
Amity University,,17.200000000000003,21.5,17.299999999999997,,13.85,,15.2,14.15,,
Amrita Vishwa Vidyapeetham,,,37.6,30.7,,32.7,,,25.25,,
Anadolu University,,,21.5,,17.950000000000003,13.85,,,14.15,,
Andhra University,,,,,,13.85,,,14.15,,
Andrés Bello University (UNAB),,,21.5,,,,,15.2,25.25,,
Anglia Ruskin University ARU,,38.85,45.5,,,,,,,31.25,27.75
Ankara University,,,21.5,,17.950000000000003,13.85,,15.2,14.15,,15.3
Anna University,,,,,,22.65,,,,,
Annamalai University,,,21.5,,,13.85,,26.4,14.15,,
Aoyama Gakuin University,,,,,,22.65,,,,,
Aristotle University of Thessaloniki,23.85,,34.3,30.7,32.599999999999994,36.7,,15.2,32.05,21.25,
Arizona State University (Tempe),38.6,61.9,37.6,51.1,68.9,57.1,,54.45,52.6,60.7,58.2
"Asia University, Taiwan",,,30.75,25.95,,,,15.2,,,
Assiut University,,,21.5,,,22.65,,15.2,14.15,,
Aston University,,48.65,34.3,30.7,,28.8,,,,43.6,35.85
Aswan University,,,,,,36.7,,,32.05,,
Athens University of Economics and Business,,17.200000000000003,,35.15,,,,,,,
Atılım University,,,,,,,,,25.25,,
Auburn University,15.85,31.6,30.75,,27.25,32.7,,26.4,36.35,41.2,23.2
Auckland University of Technology,23.85,31.6,47.8,25.95,32.599999999999994,28.8,,38.9,,21.25,27.75
Austral University of Chile,,,21.5,,,,,26.4,25.25,,15.3
Australian Catholic University,30.6,,34.3,,39.2,,,43.7,,41.2,
Australian National University,64.6,58.9,54.5,58.2,,57.8,56.7,69.2,73.5,58.2,73.1
Autonomous University of Baja California,,,,,,13.85,,15.2,14.15,,
Autonomous University of Barcelona,42.75,48.65,47.8,38.7,44.3,42.75,,47.15,50.75,38.45,50.45
Autonomous University of Hidalgo State (UAEH),,,,,,,,15.2,14.15,,
Autonomous University of Madrid,30.6,31.6,43.85,30.7,47.85,32.7,21.6,43.7,45.2,38.45,38.75
Autonomous University of Nuevo León,,,21.5,,,13.85,,15.2,14.15,,
Autonomous University of Puebla,,,,,,13.85,,15.2,14.15,,
Autonomous University of Querétaro,,,,,,13.85,,15.2,,,
Autonomous University of San Luis Potosi,,,21.5,,,13.85,,15.2,14.15,,
Autonomous University of Yucatán,,,,,,,,15.2,,,
Autonomous University of the State of Mexico,,,,,,13.85,,15.2,14.15,,15.3
Azarbaijan Shahid Madani University,,,,,,22.65,,,14.15,,
Babeş-Bolyai University,15.85,17.200000000000003,,17.299999999999997,27.25,28.8,,26.4,14.15,31.25,15.3
Babol Noshirvani University of Technology,,,,,,40.0,,,45.2,,
Bahauddin Zakariya University,,,,,,22.65,,15.2,14.15,,
Bahçeşehir University,,,21.5,,,,,,,,
Banaras Hindu University,,,34.3,,,,,32.650000000000006,25.25,,23.2
Banasthali University,,,,,,,,,14.15,,
Bandung Institute of Technology (ITB),,17.200000000000003,,25.95,,22.65,,,14.15,,
Bangor University,23.85,31.6,30.75,,,,,43.7,41.25,41.2,32.3
Bar-Ilan University,38.6,17.200000000000003,34.3,35.15,32.599999999999994,,21.6,32.650000000000006,36.35,38.45,32.3
Bashkir State University,,,,,,,,,14.15,,
Bauman Moscow State Technical University,,,,25.95,,28.8,,,25.25,,
Baylor University,23.85,27.05,37.6,,17.950000000000003,22.65,,,25.25,31.25,23.2
Başkent University,,,21.5,,,,,,,,
Beihang University,,31.6,,35.15,,40.0,,,25.25,,32.3
Beijing Institute of Technology,,35.45,,30.7,,42.75,,32.650000000000006,25.25,,27.75
Beijing Jiaotong University,,17.200000000000003,,25.95,,22.65,,,14.15,,
Beijing Normal University,35.599999999999994,38.85,,25.95,64.9,42.75,,43.7,48.25,51.2,44.25
Belarusian State University,,,,,,22.65,,,14.15,,
Belgorod State National Research University,,,,,,36.7,,,25.25,,
Benha University,,,21.5,,,32.7,,15.2,32.05,,
Beni-Suef University,,,21.5,,,36.7,,15.2,41.25,,
Bielefeld University,30.6,,,35.15,41.1,,,38.9,36.35,38.45,38.75
Bilkent University,23.85,27.05,,25.95,,40.0,,,36.35,,27.75
"Binghamton University, State University of New York",15.85,27.05,27.55,41.5,27.25,45.1,,,36.35,31.25,32.3
"Birkbeck, University of London",45.8,35.45,,,44.3,,,,,52.3,38.75
"Birla Institute of Technology and Science, Pilani",,,,,,22.65,,26.4,14.15,,
Birmingham City University,,,,,,,,,,,23.2
Bond University,,27.05,34.3,,,,,,,21.25,23.2
Boston College,35.599999999999994,57.6,34.3,,67.7,,32.3,,45.2,46.55,38.75
Boston University,42.75,63.5,66.8,54.5,53.9,49.1,46.9,62.1,57.8,56.0,50.45
Bournemouth University,,38.85,27.55,25.95,,,,26.4,,31.25,32.3
Boğaziçi University,23.85,17.200000000000003,,30.7,36.75,36.7,,,32.05,,27.75
Brandeis University,23.85,,,,,,,47.15,48.25,35.35,32.3
Brighton and Sussex Medical School,,,47.8,,,,,,,,
Brno University of Technology,,17.200000000000003,,25.95,,22.65,,,,,
Brown University,57.1,,60.7,57.5,53.9,57.6,,58.3,61.7,64.9,58.0
Brunel University London,23.85,41.45,34.3,41.5,44.3,42.75,,26.4,41.25,38.45,35.85
Bu-Ali Sina University,,,,,,28.8,,15.2,25.25,,
Bucharest University of Economic Studies,,17.200000000000003,,,,,,,,,15.3
Budapest University of Technology and Economics,,,,,,22.65,,,25.25,,27.75
COMSATS University Islamabad,,31.6,,35.15,,40.0,,26.4,36.35,,
Cairo University,,17.200000000000003,45.5,38.7,,22.65,,15.2,14.15,,15.3
California Institute of Technology,,,,86.2,,95.4,,93.1,95.7,,
"California State University, Long Beach",15.85,,,,41.1,,,,25.25,21.25,15.3
Canterbury Christ Church University,,,,,27.25,,,,,21.25,15.3
Capital Medical University,,,27.55,,,,,15.2,,,
Cardiff University,35.599999999999994,48.65,40.2,38.7,36.75,46.75,37.0,54.45,50.75,63.3,50.45
Carleton University,15.85,17.200000000000003,,35.15,,42.75,21.6,43.7,41.25,38.45,27.75
Carlos III University of Madrid,23.85,38.85,,35.15,,28.8,21.6,,25.25,,27.75
Carnegie Mellon University,55.0,71.2,,89.1,,85.5,,57.0,68.5,73.0,63.3
Case Western Reserve University,23.85,43.3,52.5,,,49.1,,43.7,48.25,41.2,32.3
Catholic University of Portugal,,31.6,,,,,,,,,
Catholic University of the North,,,,,,,,26.4,14.15,,
Catholic University of the Sacred Heart,15.85,27.05,30.75,,,,21.6,,,31.25,23.2
Ca’ Foscari University of Venice,30.6,27.05,,,,,,,25.25,,27.75
Ceará State University,,,21.5,,,,,15.2,,,
Central Queensland University,,27.05,21.5,,27.25,36.7,,,,,23.2
Central South University,,43.3,40.2,45.5,,42.75,,38.9,41.25,,32.3
Centrale Nantes,,,,35.15,,45.1,,,41.25,,
CentraleSupélec,,,,,,45.1,,,,,
Chalmers University of Technology,,43.3,,54.4,,60.1,,,50.75,,
Chang Gung University,,,34.3,17.299999999999997,,22.65,,26.4,,,
Chaoyang University of Technology,,,,17.299999999999997,,,,,,,
Charité - Universitätsmedizin Berlin,,,63.3,,,,,,,,
Charles Darwin University,,,34.3,,17.950000000000003,,,,,,27.75
Charles University in Prague,35.599999999999994,45.55,34.3,30.7,32.599999999999994,,21.6,38.9,36.35,31.25,27.75
Chemnitz University of Technology,,17.200000000000003,,17.299999999999997,,36.7,,,25.25,38.45,32.3
Chiang Mai University,,,27.55,17.299999999999997,,13.85,,15.2,14.15,,32.3
Chiba Institute of Technology,,,,,,13.85,,,,,
Chiba University,,,30.75,,,13.85,,32.650000000000006,25.25,,
China Agricultural University,,27.05,,,,13.85,,43.7,32.05,,32.3
"China Medical University, Taiwan",,,40.2,,,,,32.650000000000006,,,
China Pharmaceutical University,,,27.55,,,28.8,,26.4,,,
"China University of Geosciences, Beijing",,,,17.299999999999997,,28.8,,,25.25,,15.3
"China University of Geosciences, Wuhan",,,,17.299999999999997,,22.65,,,36.35,,15.3
China University of Mining and Technology,,,,25.95,,28.8,,26.4,32.05,,15.3
"China University of Petroleum, Beijing",,,,,,32.7,,,32.05,,
Chinese University of Hong Kong,54.1,59.5,63.0,74.3,68.3,58.7,41.6,54.45,62.6,58.1,62.1
Chongqing University,15.85,31.6,,25.95,,32.7,,26.4,25.25,,27.75
Chonnam National University,,,30.75,17.299999999999997,,22.65,,15.2,25.25,,
Chubu University,,,,,,13.85,,,,,
Chulalongkorn University,,17.200000000000003,40.2,17.299999999999997,44.3,22.65,,26.4,14.15,,27.75
Chung Yuan Christian University,,17.200000000000003,,17.299999999999997,,22.65,,,14.15,,
Chung-Ang University,,31.6,27.55,35.15,41.1,32.7,,,32.05,,38.75
Chungnam National University,,,21.5,17.299999999999997,,22.65,,15.2,14.15,,
Chuo University,,,,,,13.85,,,14.15,,
City University of Hong Kong,38.6,59.7,,51.1,,63.3,66.9,50.0,59.4,,50.45
"City, University of London",,48.65,34.3,30.7,41.1,28.8,,,,43.6,44.25
Clark University,,,,,,,,,,38.45,44.25
Claude Bernard University Lyon 1,,,42.2,30.7,,28.8,,43.7,41.25,,
Clemson University,15.85,31.6,27.55,30.7,36.75,32.7,,26.4,32.05,35.35,35.85
Cochin University of Science and Technology,,,,,,13.85,,,14.15,,
Colorado School of Mines,,,,35.15,,49.1,,,55.05,,
"Colorado State University, Fort Collins",15.85,27.05,34.3,35.15,27.25,28.8,,54.45,45.2,38.45,32.3
Columbia University,78.7,83.0,76.8,82.8,76.4,75.4,71.4,86.3,86.7,73.6,80.7
Comenius University in Bratislava,15.85,17.200000000000003,27.55,,,,,15.2,25.25,,15.3
Complutense University of Madrid,42.75,17.200000000000003,37.6,25.95,17.950000000000003,28.8,43.0,32.650000000000006,25.25,31.25,27.75
Concordia University,27.45,31.6,,35.15,44.3,40.0,,,25.25,31.25,27.75
Copenhagen Business School,,68.8,,,,,,,,,47.150000000000006
Cornell University,68.0,76.0,,85.2,,78.2,67.5,86.9,85.7,74.1,78.5
Corvinus University of Budapest,,17.200000000000003,,,,,,,,,32.3
Covenant University,,31.6,,35.15,,36.7,,,36.35,,32.3
Coventry University,23.85,31.6,27.55,25.95,36.75,28.8,,,,41.2,32.3
Creighton University,,,30.75,,,,,26.4,,,
Cukurova University,,,21.5,,,13.85,,15.2,14.15,,
Curtin University,30.6,35.45,40.2,35.15,49.7,46.75,32.3,47.15,50.75,38.45,38.75
Cyprus University of Technology,,,,25.95,,22.65,,,25.25,,
Czech Technical University in Prague,,,21.5,30.7,,22.65,,15.2,25.25,,
Czech University of Life Sciences Prague (CULS),,17.200000000000003,,,,13.85,,15.2,,,
Dalhousie University,23.85,27.05,40.2,35.15,,36.7,,47.15,45.2,46.55,27.75
Dalian University of Technology,,35.45,,35.15,,36.7,,26.4,25.25,,23.2
Dartmouth College,33.25,64.0,50.7,47.900000000000006,,46.75,,54.45,45.2,46.55,50.45
De La Salle University,,,,,,28.8,,,36.35,,23.2
De Montfort University,15.85,31.6,,41.5,,36.7,,,,,23.2
Deakin University,23.85,38.85,37.6,38.7,58.9,45.1,21.6,43.7,,31.25,32.3
Del Rosario University,,,21.5,,,,,,,,15.3
Delft University of Technology,,,,69.3,47.85,83.5,,52.150000000000006,68.9,,57.2
Delhi Technological University,,,,17.299999999999997,,13.85,,,14.15,,
Democritus University of Thrace,,,21.5,,,22.65,,15.2,,,23.2
Diego Portales University,,,,,,,,,,21.25,27.75
Dokuz Eylül University,,,21.5,,17.950000000000003,13.85,,15.2,14.15,,15.3
Doshisha University,,,,,,13.85,,,,,
Drexel University,15.85,35.45,27.55,25.95,36.75,46.75,,,48.25,38.45,41.75
Dublin City University,27.45,35.45,30.75,38.7,17.950000000000003,32.7,,32.650000000000006,32.05,,35.85
Duke University,67.2,87.0,74.0,64.9,,67.0,77.1,83.8,71.5,74.8,80.3
Durham University,67.9,38.85,,43.65,60.1,36.7,61.4,47.15,61.8,43.6,60.6
ETH Zurich,58.6,83.9,65.2,91.3,,89.5,,88.9,92.4,,77.1
East China Normal University,23.85,27.05,,25.95,49.6,42.75,,38.9,36.35,21.25,27.75
East China University of Science and Technology,,,,,,36.7,,32.650000000000006,32.05,,
Eastern Mediterranean University,,38.85,,,,28.8,,,25.25,,
Edge Hill University,,,21.5,,27.25,,,,,21.25,15.3
Edinburgh Napier University,,31.6,,,,,,,,,27.75
Edith Cowan University,,27.05,34.3,,27.25,46.75,,,,31.25,27.75
Ege University,,,21.5,,,13.85,,15.2,14.15,,
Ehime University,,,21.5,,,13.85,,15.2,14.15,,
Eindhoven University of Technology,30.6,,,61.5,,60.0,,,52.6,,
Embry-Riddle Aeronautical University,,,,,,13.85,,,41.25,,
Emory University,38.6,43.3,67.8,,,,37.0,58.7,52.6,52.9,47.150000000000006
Erasmus University Rotterdam,35.599999999999994,71.5,63.2,,,,53.4,,,,59.0
Erciyes University,,,21.5,,,22.65,,15.2,25.25,,
Ewha Womans University,15.85,17.200000000000003,30.75,25.95,32.599999999999994,36.7,,,41.25,,23.2
Eötvös Loránd University,23.85,,,17.299999999999997,,,,38.9,36.35,35.35,23.2
Far Eastern Federal University,,,,,,13.85,,15.2,25.25,,
Fayoum University,,,,,,,,,25.25,,
Federal Rural University of the Semi-Arid Region,,,,,,,,15.2,,,
Federal University of ABC (UFABC),,,,,,13.85,,15.2,25.25,,
Federal University of Alagoas,,,21.5,,,,,15.2,14.15,,
Federal University of Bahia,,,21.5,17.299999999999997,,13.85,,15.2,14.15,21.25,15.3
Federal University of Ceará (UFC),,,21.5,17.299999999999997,,22.65,,15.2,14.15,,15.3
Federal University of Espírito Santo,,,21.5,25.95,17.950000000000003,13.85,,15.2,14.15,21.25,15.3
Federal University of Goiás,,,21.5,,,13.85,,15.2,14.15,,15.3
Federal University of Health Sciences of Porto Alegre (UFCSPA),,,21.5,,,,,,,,
Federal University of Itajubá,,,,,,13.85,,,14.15,,
Federal University of Lavras,,,,,,22.65,,15.2,14.15,,
Federal University of Mato Grosso do Sul,,,21.5,,,,,15.2,14.15,,
Federal University of Minas Gerais,23.85,17.200000000000003,30.75,35.15,27.25,22.65,,26.4,25.25,21.25,15.3
Federal University of Ouro Preto,,,21.5,,,13.85,,15.2,14.15,,
Federal University of Paraná (UFPR),,17.200000000000003,21.5,17.299999999999997,17.950000000000003,13.85,,15.2,14.15,,15.3
Federal University of Pará,,,21.5,,,13.85,,15.2,14.15,21.25,15.3
Federal University of Pelotas,,,30.75,,,22.65,,15.2,14.15,,
Federal University of Pernambuco,,,21.5,17.299999999999997,17.950000000000003,13.85,,15.2,14.15,,15.3
Federal University of Rio Grande do Norte (UFRN),,,21.5,25.95,17.950000000000003,13.85,,15.2,14.15,21.25,15.3
Federal University of Rio Grande do Sul,15.85,17.200000000000003,34.3,30.7,17.950000000000003,22.65,,15.2,25.25,31.25,23.2
Federal University of Rio de Janeiro,23.85,27.05,27.55,17.299999999999997,27.25,22.65,,26.4,25.25,21.25,32.3
Federal University of Santa Catarina,15.85,17.200000000000003,34.3,17.299999999999997,27.25,22.65,,15.2,14.15,21.25,23.2
Federal University of Santa Maria,,17.200000000000003,21.5,,,13.85,,15.2,14.15,,15.3
Federal University of São Carlos,,,21.5,17.299999999999997,17.950000000000003,22.65,,15.2,14.15,21.25,15.3
Federal University of São Paulo (UNIFESP),,,37.6,,36.75,13.85,,26.4,,21.25,27.75
Federal University of Technology – Paraná,,17.200000000000003,,17.299999999999997,,13.85,,15.2,14.15,,
Federal University of Toulouse Midi-Pyrénées,27.45,52.7,30.75,35.15,27.25,32.7,,47.15,45.2,31.25,27.75
Federal University of Viçosa,,,21.5,,,22.65,,15.2,14.15,,15.3
Federico Santa María Technical University,,,,17.299999999999997,,22.65,,,25.25,,
Feng Chia University,,17.200000000000003,,17.299999999999997,,22.65,,,14.15,,
Ferdowsi University of Mashhad,,,,17.299999999999997,,28.8,,15.2,25.25,,
Ferhat Abbas Sétif University 1,,,,,,13.85,,,14.15,,
Flinders University,30.6,,40.2,,39.2,,,38.9,36.35,38.45,32.3
Florida Atlantic University,15.85,17.200000000000003,30.75,35.15,27.25,22.65,,,25.25,35.35,15.3
Florida Institute of Technology,,,,,,22.65,,,32.05,31.25,
Florida International University,15.85,27.05,30.75,35.15,36.75,42.75,32.3,38.9,36.35,41.2,23.2
Florida State University,27.45,31.6,30.75,30.7,59.6,40.0,50.0,47.15,52.6,49.25,41.75
Fluminense Federal University,15.85,17.200000000000003,21.5,17.299999999999997,17.950000000000003,13.85,,15.2,14.15,,15.3
Free University of Berlin,68.5,45.55,,43.65,50.7,,,57.0,55.05,52.0,62.6
Free University of Bozen-Bolzano,,35.45,,47.900000000000006,,40.0,,,,,
Fu Jen Catholic University,,,27.55,,,,,15.2,,,
Fudan University,45.8,51.5,59.3,51.1,,61.4,,58.3,65.0,31.25,50.45
Fujita Health University,,,34.3,,,,,,,,
Fuzhou University,,,,17.299999999999997,,32.7,,38.9,36.35,,
GITAM University,,,,,,13.85,,,,,
Gazi University,15.85,,21.5,17.299999999999997,17.950000000000003,13.85,,15.2,14.15,,15.3
Gaziantep University,,,21.5,,,13.85,,,,,
Gdańsk University of Technology,,,,17.299999999999997,,22.65,,26.4,25.25,,
Gebze Technical University,,,,,,13.85,,,14.15,,
George Mason University,23.85,35.45,42.2,35.15,41.1,32.7,55.7,32.650000000000006,36.35,35.35,38.75
George Washington University,23.85,41.45,45.5,35.15,44.3,36.7,47.6,47.15,36.35,31.25,50.45
Georgetown University,45.4,45.55,40.2,,,,66.9,47.15,25.25,,63.8
Georgia Institute of Technology,38.6,57.3,,84.3,,89.3,,,71.1,50.9,57.4
Georgia State University,27.45,45.55,30.75,35.15,47.85,,21.6,32.650000000000006,32.05,35.35,38.75
Ghent University,47.9,41.45,47.8,41.5,60.9,49.1,39.6,66.9,55.05,58.2,50.45
Gifu University,,,21.5,,,13.85,,15.2,,,
Glasgow Caledonian University,,27.05,30.75,,,28.8,,,,,27.75
Goethe University Frankfurt,35.599999999999994,35.45,37.6,25.95,32.599999999999994,,55.8,47.15,45.2,38.45,35.85
"Goldsmiths, University of London",42.75,,,,36.75,,,,,52.0,50.45
Government College University Lahore,,,,,,13.85,,15.2,14.15,,
Graz University of Technology,,,,45.5,,36.7,,,36.35,,
Grenoble Alpes University,23.85,17.200000000000003,42.2,35.15,44.3,40.0,,43.7,55.05,21.25,32.3
Griffith University,27.45,48.65,40.2,47.900000000000006,36.75,45.1,45.4,47.15,45.2,35.35,41.75
Grigore T. Popa University of Medicine and Pharmacy,,,21.5,,,,,,,,
Guangdong University of Technology,,,,,,32.7,,,,,
Guangxi University,,,,17.299999999999997,,13.85,,15.2,14.15,,
Gubkin Russian State University of Oil and Gas,,,,,,13.85,,,14.15,,
Gunma University,,,21.5,,,13.85,,,,,
Gwangju Institute of Science and Technology,,,,,,40.0,,38.9,25.25,,
HSE University,33.25,51.5,,35.15,,22.65,21.6,,36.35,43.6,44.25
Hacettepe University,,,37.6,,32.599999999999994,13.85,,26.4,25.25,,15.3
Hallym University,,,21.5,,,,,,,,
Hamamatsu University School of Medicine,,,21.5,,,,,,,,
Hamburg University of Technology,,,,,,32.7,,,,,
Hanoi University of Science and Technology,,,,17.299999999999997,,36.7,,,,,
Hanyang University,,38.85,30.75,35.15,,45.1,,38.9,41.25,,35.85
Harbin Institute of Technology,,35.45,,47.900000000000006,,52.25,,,,,
Harvard University,84.3,86.0,82.7,87.1,90.7,95.2,74.1,95.6,94.2,81.0,90.2
Hashemite University,,,,,,,,,14.15,,
Hasselt University,,,34.3,25.95,,32.7,,43.7,32.05,,
Hebrew University of Jerusalem,53.1,48.65,37.6,47.900000000000006,27.25,,59.4,50.0,52.6,58.7,52.6
Heidelberg University,64.7,,67.8,54.4,,,,74.5,75.9,58.7,
Helwan University,,,27.55,,,13.85,,15.2,14.15,,
Heriot-Watt University,,38.85,,35.15,,40.0,,47.15,41.25,,
Hiroshima University,,,30.75,17.299999999999997,27.25,22.65,,26.4,32.05,,
Hofstra University,,,34.3,,32.599999999999994,,,,,31.25,15.3
Hokkaido University,,,30.75,30.7,,36.7,,52.150000000000006,41.25,,32.3
Hong Kong Baptist University,27.45,38.85,34.3,45.5,32.599999999999994,,,,48.25,,35.85
Hong Kong Polytechnic University,42.75,67.9,37.6,53.5,,55.6,,,50.75,,53.2
Hosei University,,,,17.299999999999997,,22.65,,,,,
Howard University,,,52.9,,,22.65,,26.4,25.25,,15.3
Huaqiao University,,,,25.95,,22.65,,,14.15,,
Huazhong Agricultural University,,,,,,22.65,,32.650000000000006,,,
Huazhong University of Science and Technology,,38.85,43.85,43.65,,63.8,,38.9,45.2,,32.3
Humboldt University of Berlin,72.5,,,41.5,52.9,,,60.5,67.0,65.0,64.8
Hunan University,,41.45,,30.7,,45.1,,43.7,45.2,,15.3
Hyogo College of Medicine,,,27.55,,,,,,,,
I-Shou University,,,21.5,,,13.85,,,,,
IDC Herzliya,,,,,,,,,,31.25,32.3
IMT Atlantique,,,,43.65,,36.7,,,45.2,,
IPB University,,,,,,,,15.2,,,
ISCTE-University Institute of Lisbon,23.85,27.05,,17.299999999999997,,,,,,38.45,27.75
ITMO University,,,,57.5,,42.75,,,45.2,,
Ibaraki University,,,,,,13.85,,,14.15,,
Ibn Tofaïl University,,,,17.299999999999997,,22.65,,,14.15,,
Ilmenau University of Technology,,,,30.7,,28.8,,,25.25,,
Imam Abdulrahman Bin Faisal University,,,27.55,,,22.65,,,,,
Imam Khomeini International University,,,,,,32.7,,,,,
Imperial College London,,,80.0,87.2,,88.6,,87.1,89.3,,
Incheon National University,,,,,,13.85,,15.2,14.15,,
Indian Institute of Science,,,,47.900000000000006,,54.4,,47.15,45.2,,
Indian Institute of Science Education and Research Kolkata,,,,,,,,,14.15,,
"Indian Institute of Science Education and Research, Pune",,,,,,,,,36.35,,
Indian Institute of Technology (Indian School of Mines) Dhanbad,,,,,,22.65,,,14.15,,
Indian Institute of Technology Bhubaneswar,,,,,,22.65,,,32.05,,
Indian Institute of Technology Bombay,,,,45.5,,46.75,,38.9,36.35,,
Indian Institute of Technology Delhi,,,,,,46.75,,,,,
Indian Institute of Technology Gandhinagar,,,,,,13.85,,,,,
Indian Institute of Technology Guwahati,,,,25.95,,28.8,,32.650000000000006,25.25,,
Indian Institute of Technology Hyderabad,,,,25.95,,22.65,,,32.05,,
Indian Institute of Technology Indore,,,,38.7,,36.7,,,41.25,,
Indian Institute of Technology Kanpur,,,,38.7,,40.0,,,32.05,,
Indian Institute of Technology Kharagpur,,,,45.5,,42.75,,,32.05,,32.3
Indian Institute of Technology Madras,,,,38.7,,42.75,,,32.05,,
Indian Institute of Technology Patna,,,,,,22.65,,,,,
Indian Institute of Technology Roorkee,,,,35.15,,36.7,,26.4,32.05,,
Indian Institute of Technology Ropar,,,,,,28.8,,,32.05,,
Indiana University,45.4,59.5,42.2,38.7,66.6,42.75,21.6,52.150000000000006,50.75,55.9,64.0
Industrial University of Santander (UIS),,,,,,13.85,,,14.15,,
Inha University,,,21.5,17.299999999999997,,28.8,,,25.25,,15.3
Institut Teknologi Sepuluh Nopember,,,,30.7,,22.65,,,14.15,,
Institute of Chemical Technology,,,,,,32.7,,,32.05,,
"International Islamic University, Islamabad",,,,,,28.8,,,25.25,,
Iowa State University,15.85,41.45,,35.15,36.75,42.75,,50.0,45.2,41.2,35.85
Iran University of Medical Sciences,,,27.55,,,,,15.2,,,
Iran University of Science and Technology,,35.45,,30.7,,32.7,,,32.05,,
Isfahan University of Medical Sciences,,,21.5,,,,,,,,
Isfahan University of Technology,,,,30.7,,32.7,,26.4,25.25,,
Istanbul Medipol University,,,21.5,,,,,,,,
Istanbul Technical University,15.85,17.200000000000003,,30.7,,28.8,,,25.25,,
Istanbul University,,,30.75,,17.950000000000003,13.85,,15.2,14.15,,23.2
Ivan Franko National University of Lviv,,,,,,,,,14.15,,
Ivane Javakhishvili Tbilisi State University,,,,,,,,,14.15,,
Iwate University,,,,,,13.85,,15.2,,,
Izmir Institute of Technology,,,,,,13.85,,,25.25,,
Jacobs University,,,,,,42.75,,38.9,41.25,,
Jadavpur University,,,,,,22.65,,,25.25,,
Jagiellonian University,23.85,,34.3,17.299999999999997,,,,26.4,32.05,21.25,15.3
James Cook University,,35.45,37.6,,27.25,32.7,,54.45,48.25,21.25,41.75
Jamia Millia Islamia,,,,25.95,,32.7,,32.650000000000006,32.05,,
Jaume I University,15.85,31.6,,25.95,17.950000000000003,36.7,,,32.05,21.25,23.2
Jawaharlal Nehru University,23.85,,,30.7,,,,32.650000000000006,25.25,,27.75
Jeonbuk National University,,,21.5,17.299999999999997,,28.8,,15.2,25.25,,
Jiangsu Normal University,,,,,,28.8,,26.4,36.35,,
Jiangsu University,,,27.55,17.299999999999997,,22.65,,15.2,25.25,,
Jikei University School of Medicine,,,27.55,,,,,,,,
Jilin University,,,21.5,17.299999999999997,17.950000000000003,32.7,,26.4,25.25,,15.3
Jinan University,,35.45,27.55,25.95,,32.7,,26.4,,,
Johannes Gutenberg University of Mainz,27.45,,30.75,,,,,43.7,55.05,35.35,32.3
Johannes Kepler University of Linz,,31.6,,35.15,,40.0,,,36.35,,32.3
Johns Hopkins University,63.4,59.8,78.8,77.7,73.1,73.6,,92.4,77.0,,72.5
Jordan University of Science and Technology,,,45.5,38.7,,22.65,,15.2,36.35,,
Juntendo University,,,30.75,,,,,15.2,,,
Justus Liebig University Giessen,27.45,,34.3,,,,,32.650000000000006,41.25,31.25,35.85
K.N. Toosi University of Technology,,,,17.299999999999997,,22.65,,,14.15,,
KIIT University,,,,17.299999999999997,,13.85,,,14.15,,
KTH Royal Institute of Technology,,,,58.2,,63.6,,,50.75,,
KU Leuven,71.2,58.5,65.1,66.1,64.9,67.1,63.5,66.8,61.3,69.6,65.0
Kafrelsheikh University,,,,,,,,26.4,36.35,,
Kagawa University,,,21.5,,,22.65,,15.2,,,
Kagoshima University,,,21.5,,,13.85,,15.2,14.15,,
Kanagawa University,,,,,,13.85,,,14.15,,
Kanazawa University,,,27.55,,,22.65,,26.4,25.25,,
Kangwon National University,,,21.5,,,13.85,,15.2,25.25,,
Kansai Medical University,,,30.75,,,,,,,,
Kansai University,,,,17.299999999999997,,13.85,,,14.15,,
Kansas State University,15.85,27.05,34.3,25.95,27.25,22.65,,38.9,36.35,21.25,27.75
Kaohsiung Medical University,,,34.3,,,,,26.4,,,
Karabük University,,,,,,13.85,,,,,
Karlsruhe Institute of Technology,,,,67.2,,59.8,,,63.7,,
Karlstad University,,35.45,,,27.25,,,,,,27.75
Karolinska Institute,,,76.6,,,,,81.7,,73.3,
Kasetsart University,,,,17.299999999999997,,13.85,,26.4,14.15,,
Kaunas University of Technology,,17.200000000000003,,17.299999999999997,,13.85,,,14.15,,15.3
Kazan Federal University,27.45,31.6,30.75,,50.2,28.8,,32.650000000000006,41.25,,27.75
Kazan National Research Technological University,,,,,,13.85,,,,,
Keele University,15.85,,30.75,,32.599999999999994,,,32.650000000000006,32.05,43.6,38.75
Keio University,,31.6,37.6,30.7,,28.8,,47.15,25.25,,32.3
Kent State University,15.85,17.200000000000003,21.5,25.95,32.599999999999994,42.75,,,45.2,35.35,27.75
Khalifa University,,,,,,45.1,,,41.25,,
Kharazmi University,,,,,,22.65,,,14.15,,
Khon Kaen University,,,27.55,,17.950000000000003,22.65,,15.2,14.15,,
Kindai University,,,34.3,,,13.85,,15.2,14.15,,
King Abdulaziz University,,41.45,37.6,47.900000000000006,32.599999999999994,49.1,,50.0,55.05,38.45,38.75
King Fahd University of Petroleum and Minerals,,31.6,,,,36.7,,,36.35,,
King Khalid University,,,34.3,,,28.8,,,25.25,,
King Mongkut's University of Technology North Bangkok,,,,17.299999999999997,,13.85,,,14.15,,
King Mongkut’s Institute of Technology Ladkrabang,,,,17.299999999999997,,22.65,,,14.15,,
King Mongkut’s University of Technology Thonburi,,,,17.299999999999997,,28.8,,15.2,25.25,,
King Saud University,,38.85,34.3,38.7,32.599999999999994,40.0,,32.650000000000006,36.35,,32.3
King Saud bin Abdulaziz University for Health Sciences,,,30.75,,,,,,,,
Kingston University,15.85,31.6,27.55,,36.75,32.7,,,,21.25,15.3
King’s College London,70.3,45.55,74.2,56.6,75.4,,67.1,75.2,57.8,,67.7
Kitasato University,,,21.5,,,,,15.2,,,
Kobe University,,27.05,30.75,17.299999999999997,,22.65,,32.650000000000006,25.25,,23.2
Kochi University,,,21.5,,,,,15.2,25.25,,
Kogakuin University,,,,,,13.85,,,14.15,,
Konkuk University,,,,17.299999999999997,,28.8,,32.650000000000006,25.25,,
Kookmin University,,,,17.299999999999997,,13.85,,,14.15,,
Korea Advanced Institute of Science and Technology (KAIST),,43.3,,70.8,,75.8,,,59.6,,
Korea University,30.6,48.65,50.3,47.900000000000006,57.1,54.8,,43.7,48.25,41.2,32.3
Koç University,,,30.75,,,32.7,,,32.05,38.45,38.75
Kumamoto University,,,21.5,,,13.85,,26.4,14.15,,
Kurume University,,,27.55,,,,,,,,
Kuwait University,,,30.75,30.7,,22.65,,26.4,14.15,,23.2
Kwansei Gakuin University,,,,,,,,,14.15,,
Kyoto Institute of Technology,,,,17.299999999999997,,13.85,,,,,
Kyoto Prefectural University of Medicine,,,21.5,,,,,,,,
Kyoto University,42.75,54.0,70.7,56.5,54.8,65.4,,72.8,66.2,43.6,56.2
Kyung Hee University,,43.3,40.2,41.5,,42.75,,26.4,32.05,,38.75
Kyungpook National University,,,21.5,30.7,,22.65,,15.2,25.25,,15.3
Kyushu Institute of Technology (Kyutech),,,,,,22.65,,,,,
Kyushu University,,27.05,37.6,30.7,,40.0,,43.7,41.25,31.25,35.85
L.N. Gumilyov Eurasian National University,,,,,,,,,14.15,,
LMU Munich,75.0,64.4,62.5,61.6,59.9,,,78.0,81.0,62.6,59.8
La Trobe University,33.25,35.45,40.2,35.15,47.85,,,47.15,25.25,41.2,32.3
Lakehead University,,,,,,36.7,,,32.05,,15.3
Lancaster University,58.2,48.65,37.6,47.900000000000006,59.0,,32.3,54.45,48.25,43.6,53.7
Lappeenranta-Lahti University of Technology LUT,,41.45,,,,32.7,,,41.25,,
Latvia University of Life Sciences and Technologies,,,,,,13.85,,15.2,,,15.3
Leeds Beckett University,,17.200000000000003,21.5,,27.25,,,,,31.25,32.3
Lehigh University,,31.6,,41.5,27.25,36.7,,,41.25,35.35,23.2
Leibniz University Hannover,,27.05,,35.15,,36.7,,32.650000000000006,41.25,,35.85
Leiden University,71.7,,54.3,,,,66.2,,62.2,,67.0
Lincoln University,,,,,,,,38.9,,,38.75
Linköping University,,35.45,34.3,43.65,32.599999999999994,49.1,,38.9,41.25,35.35,35.85
Liverpool John Moores University,15.85,17.200000000000003,34.3,30.7,17.950000000000003,32.7,,43.7,,21.25,23.2
Lobachevsky State University of Nizhni Novgorod,,,,,,13.85,,,25.25,,
Lodz University of Technology,,17.200000000000003,,17.299999999999997,,13.85,,15.2,14.15,,
Lomonosov Moscow State University,50.8,45.55,37.6,51.1,36.75,49.1,,52.150000000000006,61.5,43.6,27.75
London School of Economics and Political Science,67.7,87.6,,,,,76.4,,45.2,75.1,86.8
London South Bank University,,,21.5,,,,,,,31.25,15.3
Londrina State University,,,21.5,,17.950000000000003,,,15.2,14.15,,
Loughborough University,38.6,38.85,,30.7,,36.7,,43.7,32.05,38.45,50.45
Louisiana State University,15.85,27.05,,25.95,32.599999999999994,28.8,21.6,32.650000000000006,41.25,31.25,27.75
Louisiana Tech University,,,,,,22.65,,,,,
"Lumière University, Lyon 2",27.45,17.200000000000003,,,17.950000000000003,,,,,21.25,23.2
Lund University,42.75,55.8,50.8,43.65,,52.25,51.1,63.8,62.6,35.35,56.7
Lviv Polytechnic National University,,17.200000000000003,,38.7,,22.65,,,25.25,,
M'Hamed Bougara University of Boumerdès,,,,,,13.85,,,14.15,,
MIREA - Russian Technological University,,,,,,13.85,,,14.15,,
Maastricht University,,56.8,55.6,38.7,73.4,,58.3,,,53.2,44.25
Macau University of Science and Technology,,,,47.900000000000006,,,,,,,
Macquarie University,45.3,43.3,42.2,38.7,47.85,42.75,32.3,54.45,48.25,46.55,38.75
Mae Fah Luang University,,,,,,,,43.7,,,
Maharaja Sayajirao University of Baroda,,,,,,13.85,,,14.15,,
Mahidol University,,17.200000000000003,45.5,17.299999999999997,41.1,22.65,,38.9,25.25,,23.2
Makerere University,,,37.6,,17.950000000000003,,,15.2,,,23.2
Manchester Metropolitan University,23.85,35.45,30.75,,32.599999999999994,40.0,,32.650000000000006,32.05,31.25,32.3
Manipal Academy of Higher Education,,,34.3,17.299999999999997,,13.85,,15.2,14.15,,
Mansoura University,,,42.2,38.7,,28.8,,15.2,14.15,,
Marche Polytechnic University,,27.05,27.55,,,32.7,,38.9,,,
Marmara University,,,21.5,,17.950000000000003,13.85,,,14.15,,15.3
Marquette University,15.85,17.200000000000003,21.5,,27.25,22.65,,,,21.25,15.3
Masaryk University,23.85,17.200000000000003,30.75,25.95,27.25,,32.3,32.650000000000006,32.05,35.35,23.2
Mashhad University of Medical Sciences,,,27.55,,,,,,,,
Massachusetts Institute of Technology,85.8,91.9,,91.0,,94.5,,93.7,94.2,,93.9
Massey University,15.85,31.6,34.3,,32.599999999999994,36.7,,43.7,32.05,31.25,27.75
Maynooth University,23.85,,,,,,,,48.25,,38.75
McGill University,59.4,51.1,71.7,59.1,63.7,67.2,68.9,71.5,66.4,69.1,65.0
McMaster University,30.6,38.85,71.0,51.1,,36.7,,57.0,45.2,46.55,32.3
Medical University of Graz,,,37.6,,,,,,,,
Medical University of Innsbruck,,,37.6,,,,,,,,
Medical University of Vienna,,,49.8,,,,,,,,
Meiji University,,,,17.299999999999997,,13.85,,,14.15,,
Meijo University,,,,,,13.85,,,,,
Memorial University of Newfoundland,15.85,27.05,34.3,35.15,27.25,36.7,,38.9,32.05,21.25,23.2
Mendel University in Brno,,,,,,,,15.2,14.15,,15.3
Menoufia University,,,21.5,25.95,,22.65,,,14.15,,
Metropolitan Autonomous University,,,43.85,17.299999999999997,,13.85,,15.2,14.15,,15.3
Michigan State University,42.75,66.1,47.8,53.2,80.1,52.25,,64.9,61.4,66.5,60.7
Michoacán University of San Nicolás of Hidalgo,,,,,,13.85,,15.2,14.15,,
Middle East Technical University,23.85,17.200000000000003,,30.7,44.3,28.8,,,25.25,31.25,27.75
Middlesex University,15.85,35.45,,41.5,32.599999999999994,,,,,38.45,32.3
Mie University,,,21.5,,,13.85,,15.2,,,
Miguel Hernández University of Elche,,,30.75,,,13.85,,26.4,25.25,21.25,
Ming Chuan University,,17.200000000000003,,,,,,,,,
Minia University,,,21.5,,,22.65,,,14.15,,
Mississippi State University,15.85,31.6,,25.95,17.950000000000003,28.8,,26.4,25.25,38.45,27.75
Missouri University of Science and Technology,,,,35.15,,42.75,,,36.35,,
Mizzou - University of Missouri,27.45,27.05,34.3,35.15,41.1,28.8,,38.9,32.05,43.6,38.75
Mohammed V University of Rabat,,17.200000000000003,27.55,17.299999999999997,,13.85,,15.2,14.15,,
Monash University,42.75,48.65,64.6,41.5,52.5,60.4,50.5,66.3,59.7,46.55,47.150000000000006
Montana State University,,,27.55,,17.950000000000003,13.85,,38.9,48.25,21.25,27.75
Monterrey Institute of Technology,,35.45,27.55,25.95,39.2,36.7,,32.650000000000006,32.05,,
Montpellier University,,31.6,34.3,30.7,,32.7,,62.6,41.25,,
Moscow Aviation Institute,,,,,,13.85,,,,,
Moscow Institute of Physics and Technology (MIPT),,,,54.0,,36.7,,43.7,71.3,,
Moscow Power Engineering Institute,,,,,,13.85,,,,,
Multimedia University,,17.200000000000003,,17.299999999999997,,13.85,,,,,
Murdoch University,27.45,27.05,30.75,,36.75,28.8,,43.7,,31.25,44.25
Muroran Institute of Technology,,,,,,22.65,,,,,
NOVA University of Lisbon,30.6,43.3,27.55,,32.599999999999994,28.8,,,32.05,,32.3
Nagaoka University of Technology,,,,,,22.65,,,,,
Nagasaki University,,,30.75,,,13.85,,15.2,,,
Nagoya City University,,,21.5,,,,,,,,
Nagoya Institute of Technology,,,,17.299999999999997,,22.65,,,14.15,,
Nagoya University,30.6,,34.3,35.15,36.75,46.75,,52.150000000000006,57.8,35.35,38.75
Nanjing Agricultural University,,,,,,22.65,,32.650000000000006,25.25,,
Nanjing Medical University,,,30.75,,,,,,,,
Nanjing Normal University,,,,30.7,,36.7,,26.4,32.05,,15.3
Nanjing Tech University,,,,,,32.7,,,32.05,,
Nanjing University,38.6,48.65,47.8,57.6,,59.5,,54.45,61.1,,44.25
Nanjing University of Aeronautics and Astronautics,,31.6,,17.299999999999997,,22.65,,,14.15,,15.3
Nanjing University of Information Science and Technology,,,,38.7,,36.7,,,25.25,,23.2
Nankai University,,35.45,34.3,35.15,,46.75,,47.15,48.25,,27.75
"Nanyang Technological University, Singapore",42.75,61.0,47.8,85.3,67.2,87.4,,67.1,73.1,49.25,61.1
Nara Medical University,,,21.5,,,,,,,,
Naresuan University,,,21.5,,,13.85,,,14.15,,
National Autonomous University of Mexico,42.75,17.200000000000003,30.75,17.299999999999997,41.1,22.65,37.0,26.4,25.25,31.25,32.3
National Central University,,17.200000000000003,,25.95,,22.65,,26.4,25.25,,27.75
National Changhua University of Education,,,,,32.599999999999994,13.85,,,14.15,,
National Cheng Kung University (NCKU),,27.05,34.3,35.15,,40.0,,32.650000000000006,25.25,,32.3
National Chengchi University,,31.6,,17.299999999999997,36.75,,,,,,32.3
National Chiao Tung University,,35.45,,43.65,47.85,42.75,,32.650000000000006,25.25,,
National Chiayi University,,,,,,13.85,,15.2,,,
National Chin-Yi University of Technology,,,,,,13.85,,,,,
National Chung Cheng University,,17.200000000000003,,25.95,,22.65,,,14.15,,23.2
National Chung Hsing University,,17.200000000000003,,17.299999999999997,,22.65,,15.2,14.15,,
National Dong Hwa University,,,,30.7,,22.65,,,14.15,,
National Institute of Applied Sciences of Lyon (INSA Lyon),,,,,,36.7,,,,,
National Institute of Technology Rourkela,,,,,,22.65,,,25.25,,
"National Institute of Technology, Tiruchirappalli",,,,17.299999999999997,,22.65,,,25.25,,
National Polytechnic University (IPN),,,,,,13.85,,15.2,,,
National Research Nuclear University MEPhI,,,,35.15,,32.7,,,57.8,,
National Research Saratov State University,,,,,,22.65,,,25.25,,
National Sun Yat-Sen University,,31.6,,30.7,54.0,22.65,,15.2,25.25,,23.2
National Taipei University,,27.05,,,,,,,,,
National Taipei University of Technology,,,,,,28.8,,,,,
National Taiwan Normal University,30.6,,,30.7,73.4,28.8,,,25.25,41.2,32.3
National Taiwan Ocean University,,,,,,13.85,,26.4,14.15,,
National Taiwan University (NTU),38.6,50.6,60.1,59.0,,61.7,,52.150000000000006,52.6,54.2,47.150000000000006
National Taiwan University of Science and Technology (Taiwan Tech),,41.45,,45.5,71.7,36.7,,,,,
National Technical University Kharkiv Polytechnic Institute,,,,,,13.85,,,14.15,,
National Technical University of Athens,,,,,,28.8,,,,,
National Tsing Hua University,,,37.6,47.900000000000006,44.3,52.25,,50.0,45.2,,23.2
National University of Colombia,15.85,17.200000000000003,30.75,17.299999999999997,27.25,13.85,,15.2,14.15,,
National University of Córdoba,15.85,,21.5,,,22.65,,15.2,25.25,21.25,23.2
"National University of Ireland, Galway",27.45,35.45,37.6,35.15,27.25,40.0,,43.7,36.35,35.35,32.3
National University of Kaohsiung,,,,17.299999999999997,,13.85,,,14.15,,
National University of San Martín,,,,,,,,,,,15.3
National University of Science and Technology (MISiS),,,,,,28.8,,,36.35,,
National University of Sciences and Technology,,,,30.7,,28.8,,,25.25,,
National University of Singapore,63.5,83.2,73.9,85.9,,88.4,72.3,79.8,83.8,63.2,75.9
National University of the South,,,,,,13.85,,15.2,14.15,,
National Yang-Ming University,,,40.2,,,13.85,,26.4,,,
National Yunlin University of Science and Technology,,,,,,13.85,,,,,
National and Kapodistrian University of Athens,23.85,,30.75,30.7,32.599999999999994,,,32.650000000000006,32.05,,23.2
New Jersey Institute of Technology,,,,41.5,,42.75,,,25.25,,
New Mexico Institute of Mining and Technology,,,,,,,,,41.25,,
New Mexico State University (Main campus),,,,25.95,17.950000000000003,32.7,,26.4,41.25,21.25,15.3
New York University,74.3,81.9,64.0,76.1,74.6,61.8,75.3,77.7,71.4,76.6,78.9
Newcastle University,35.599999999999994,43.3,45.5,41.5,39.2,42.75,37.0,54.45,41.25,46.55,41.75
Nicolaus Copernicus University in Toruń,15.85,,21.5,,,,,15.2,25.25,,15.3
Niigata University,,,30.75,,,13.85,,15.2,14.15,,
Nippon Medical School,,,27.55,,,,,,,,
Normandy University,15.85,17.200000000000003,30.75,25.95,17.950000000000003,22.65,,15.2,25.25,21.25,15.3
North Carolina State University,23.85,31.6,34.3,45.5,52.3,52.25,,54.45,45.2,41.2,32.3
North China Electric Power University,,,,,,22.65,,,,,
North-West University,15.85,17.200000000000003,40.2,,17.950000000000003,,21.6,15.2,36.35,31.25,23.2
NorthWest A&F University,,,,,,13.85,,15.2,,,32.3
Northeast Normal University,,,,,,,,26.4,25.25,,
Northeastern University,23.85,37.85,47.8,34.2,,37.775,43.9,31.174999999999997,31.2,49.25,32.475
Northern Arizona University,23.85,,,,32.599999999999994,,,47.15,41.25,,32.3
Northumbria University,23.85,31.6,37.6,35.15,27.25,40.0,21.6,26.4,36.35,21.25,27.75
Northwest University,,,,17.299999999999997,,22.65,,15.2,25.25,,
Northwestern Polytechnical University,,31.6,,35.15,,36.7,,38.9,25.25,,
Northwestern University,55.3,83.9,67.2,56.4,,73.8,60.5,67.5,78.4,73.9,71.5
Norwegian University of Life Sciences,,,,,,,,43.7,,,
Norwegian University of Science and Technology,23.85,35.45,34.3,35.15,32.599999999999994,46.75,,47.15,41.25,31.25,38.75
Nottingham Trent University,23.85,27.05,,,27.25,22.65,,32.650000000000006,32.05,46.55,23.2
Nova Southeastern University,,,42.2,,,,,,,21.25,
Novosibirsk State Technical University,,,,25.95,,22.65,,,25.25,,
Novosibirsk State University,,,27.55,17.299999999999997,,22.65,,38.9,55.05,,
Oakland University,,,27.55,,17.950000000000003,22.65,,15.2,25.25,21.25,15.3
Ocean University of China,,,,17.299999999999997,,22.65,,15.2,25.25,,
Ohio State University (Main campus),52.8,59.7,53.2,51.1,70.8,65.4,32.3,57.0,57.8,68.8,65.8
Ohio University (Main campus),15.85,17.200000000000003,27.55,,27.25,28.8,,26.4,45.2,31.25,23.2
Oita University,,,21.5,,,,,,,,
Okayama University,,,27.55,,,13.85,,26.4,25.25,,
Oklahoma State University,15.85,31.6,,30.7,17.950000000000003,28.8,,26.4,32.05,21.25,23.2
Old Dominion University,,27.05,27.55,38.7,27.25,28.8,,,36.35,31.25,23.2
Ondokuz Mayis University,,,21.5,,,13.85,,15.2,14.15,,
Open University of Catalonia,,,,38.7,,,,,,,23.2
Oregon Health and Science University,,,42.2,,,,,,,,
Oregon State University,15.85,31.6,37.6,25.95,36.75,36.7,,57.0,50.75,31.25,35.85
Osaka City University,,,21.5,,,13.85,,15.2,25.25,,
Osaka Medical College,,,21.5,,,,,,,,
Osaka Prefecture University,,,21.5,,,22.65,,15.2,25.25,,
Osaka University,,38.85,47.8,38.7,27.25,42.75,,59.1,48.25,31.25,35.85
Osmania University,,,,30.7,,22.65,,15.2,14.15,,
Oxford Brookes University,23.85,38.85,34.3,,32.599999999999994,,,47.15,,31.25,32.3
PMAS Arid Agriculture University Rawalpindi,,,,,,,,15.2,,,
PSG College of Technology,,,,,,13.85,,,14.15,,
Pablo de Olavide University,15.85,17.200000000000003,,,17.950000000000003,,,32.650000000000006,45.2,,15.3
Palacký University Olomouc,23.85,,27.55,,,,,26.4,32.05,,23.2
Panjab University,,,30.75,25.95,,22.65,,26.4,25.25,,
Panthéon-Sorbonne University – Paris 1,58.7,38.85,,,,,50.1,,25.25,,35.85
Paris Nanterre University,30.6,17.200000000000003,,,,,,,,21.25,27.75
Paris Sciences et Lettres – PSL Research University Paris,72.5,52.8,,75.8,,58.7,37.0,71.4,83.9,,64.2
Paris-Sud University,,,43.85,43.65,,42.75,,50.0,60.7,,
Peking University,70.8,79.0,69.0,80.7,79.8,88.2,,85.0,84.7,57.8,78.6
Penn State (Main campus),42.75,63.2,47.8,54.4,74.3,66.0,49.6,60.9,69.2,67.3,64.6
Perm National Research Polytechnic University,,,,,,13.85,,,14.15,,
Perm State University,,,,,,,,,14.15,,
Peter the Great St Petersburg Polytechnic University,,35.45,,45.5,27.25,42.75,,,48.25,,
Pirogov Russian National Research Medical University,,,21.5,,,,,15.2,,,
Pohang University of Science and Technology (POSTECH),,,,57.7,,65.5,,60.2,57.8,,
Polytechnic Institute of Porto,,,,,36.75,28.8,,,,,
Polytechnic University of Bari,,,,,,36.7,,,,,
Polytechnic University of Bucharest,,,,,,13.85,,,,,
Polytechnic University of Cartagena,,,,,,13.85,,,,,
Polytechnic University of Catalonia,15.85,31.6,30.75,38.7,,40.0,,38.9,36.35,,
Polytechnic University of Milan,35.599999999999994,50.6,,53.8,,54.3,,,45.2,,38.75
Polytechnic University of Timişoara,,,,,,22.65,,,,,
Polytechnic University of Turin,15.85,,,,,45.1,,,,,
Polytechnic University of Valencia,15.85,27.05,,35.15,,28.8,,32.650000000000006,32.05,,
Pompeu Fabra University,38.6,63.2,40.2,,,49.1,,,,,47.150000000000006
Pondicherry University,,,,17.299999999999997,,,,26.4,14.15,,
Pontifical Catholic University of Chile,23.85,27.05,34.3,38.7,36.75,32.7,21.6,32.650000000000006,32.05,35.35,35.85
Pontifical Catholic University of Paraná,,,21.5,17.299999999999997,,13.85,,,,,
Pontifical Catholic University of Peru,,,,,,22.65,,,32.05,,23.2
Pontifical Catholic University of Rio Grande do Sul (PUCRS),,,27.55,25.95,,13.85,,15.2,14.15,21.25,
Pontifical Catholic University of Rio de Janeiro (PUC-Rio),,27.05,,30.7,,22.65,,,36.35,21.25,32.3
Pontifical Catholic University of Valparaíso,15.85,,,,17.950000000000003,13.85,,15.2,14.15,,15.3
Pontifical Javeriana University,,,43.85,,,,,15.2,,,15.3
Portland State University,15.85,27.05,,,27.25,22.65,,,25.25,31.25,32.3
Prince of Songkla University,,,27.55,,,13.85,,15.2,14.15,,
Princeton University,83.1,,,86.3,,92.0,,92.2,95.8,84.3,87.3
Purdue University West Lafayette,,,,,,74.3,,,,,
Pusan National University,,31.6,27.55,25.95,,28.8,,,32.05,,23.2
Qatar University,,27.05,,41.5,27.25,45.1,,,36.35,,27.75
Quaid-i-Azam University,,,30.75,38.7,,42.75,,32.650000000000006,48.25,,
Queen Mary University of London,50.1,38.85,57.1,51.1,,54.9,59.5,52.150000000000006,50.75,,41.75
Queensland University of Technology,30.6,53.7,40.2,55.4,44.3,46.75,49.0,50.0,45.2,38.45,
Queen’s University,23.85,38.85,43.85,38.7,36.75,36.7,32.3,32.650000000000006,36.35,53.2,35.85
Queen’s University Belfast,35.599999999999994,41.45,43.85,45.5,36.75,52.25,43.8,54.45,45.2,38.45,35.85
RCSI University of Medicine and Health Sciences,,,40.2,,,,,,,,
RMIT University,30.6,38.85,37.6,38.7,36.75,45.1,,38.9,41.25,31.25,32.3
RUDN University,,31.6,21.5,25.95,,22.65,,,25.25,,23.2
RWTH Aachen University,33.25,,37.6,69.6,,76.3,,,65.5,,
Radboud University Nijmegen,45.6,41.45,42.2,43.65,,,21.6,57.0,57.8,58.1,
Renmin University of China,33.25,45.55,,25.95,,,40.7,,32.05,38.45,38.75
Rensselaer Polytechnic Institute,,,,30.7,,40.0,,,48.25,,
Reykjavík University,,,,,,13.85,,,,,
Rice University,35.599999999999994,48.65,,61.3,,65.7,,57.0,67.3,46.55,44.25
Riga Technical University,,,,17.299999999999997,,22.65,,,14.15,,
Rikkyo University,,,,,,,,,36.35,,
Rio de Janeiro State University (UERJ),,,21.5,17.299999999999997,17.950000000000003,13.85,,15.2,14.15,21.25,15.3
Ritsumeikan University,,,21.5,17.299999999999997,,22.65,,15.2,14.15,,23.2
Robert Gordon University,,,,,,,,,,,15.3
Rochester Institute of Technology,,27.05,,25.95,,13.85,,,36.35,,15.3
Roskilde University,,31.6,,,,,,,,,35.85
"Royal Holloway, University of London",38.6,43.3,,38.7,,,,52.150000000000006,48.25,49.25,38.75
Royal Veterinary College,,,,,,,,52.150000000000006,,,
Ruhr University Bochum,30.6,,40.2,43.65,32.599999999999994,46.75,,43.7,48.25,43.6,27.75
Rush University,,,34.3,,,,,,,,
"Rutgers, the State University of New Jersey",61.9,48.65,37.6,51.1,,49.1,,50.0,57.8,46.55,55.0
Ryerson University,15.85,31.6,21.5,30.7,,36.7,,,25.25,31.25,32.3
SASTRA University,,,,,,,,15.2,,,
SOAS University of London,56.0,31.6,,,,,,,,,47.150000000000006
SRM Institute of Science and Technology,,,21.5,17.299999999999997,,13.85,,,,,
SWPS University of Social Sciences and Humanities,,,,,,,,,,21.25,27.75
Sabancı University,,,,38.7,,40.0,,,32.05,,
Saga University,,,21.5,,,13.85,,15.2,,,
Saint Petersburg State University,30.6,31.6,27.55,35.15,,28.8,,32.650000000000006,45.2,38.45,27.75
Saint-Petersburg Mining University,,,,,,22.65,,,32.05,,
Saitama Medical University,,,27.55,,,,,,,,
Saitama University,,,,,,13.85,,26.4,25.25,,
Samara University,,,,17.299999999999997,,22.65,,,25.25,,
San Diego State University,15.85,17.200000000000003,30.75,30.7,32.599999999999994,28.8,,43.7,25.25,38.45,32.3
Santa Catarina State University,,,30.75,,17.950000000000003,,,15.2,,,
Sant’Anna School of Advanced Studies – Pisa,,53.2,34.3,51.1,,52.25,,57.0,,,38.75
Sapienza University of Rome,53.5,38.85,40.2,47.900000000000006,,42.75,37.0,38.9,55.05,41.2,41.75
Sapporo Medical University,,,21.5,,,,,,,,
Sathyabama Institute of Science and Technology,,,,,,13.85,,,14.15,,
Savitribai Phule Pune University,,,,,,,,,36.35,,
Sciences Po,,,,,,,,,,,59.2
Scuola Normale Superiore di Pisa,49.4,,,,,,,,63.0,,44.25
Sechenov University,,,21.5,,,,,15.2,,,
Sejong University,,45.55,,47.900000000000006,,40.0,,32.650000000000006,41.25,,
Selçuk University,,,21.5,,,13.85,,15.2,14.15,,
Semmelweis University,,,34.3,,,,,38.9,,,
Semnan University,,,,,,28.8,,,25.25,,
Seoul National University,33.25,56.6,62.6,69.3,51.5,72.0,,61.6,60.7,,50.45
Seoul National University of Science and Technology (SeoulTech),,,,17.299999999999997,,13.85,,,25.25,,
Shahed University,,,21.5,,,13.85,,,,,
Shahid Bahonar University of Kerman,,,,17.299999999999997,,13.85,,15.2,14.15,,
Shahid Beheshti University,,,,25.95,,22.65,,15.2,25.25,,
Shahid Beheshti University of Medical Sciences,,,27.55,,,,,,,,
Shahrekord University,,,,,,32.7,,15.2,14.15,,
Shahrood University of Technology,,,,,,22.65,,,14.15,,
Shandong University,,31.6,34.3,17.299999999999997,,36.7,,26.4,32.05,,
Shanghai Jiao Tong University,35.599999999999994,57.4,47.8,70.6,,70.5,65.0,47.15,48.25,,41.75
Shanghai Maritime University,,,,25.95,,22.65,,,,,
Shanghai University,,27.05,,17.299999999999997,,22.65,,32.650000000000006,25.25,,32.3
Shanghai University of Finance and Economics (SUFE),,35.45,,,,,,,14.15,,27.75
Shantou University,,,27.55,,,32.7,,,25.25,,
Sharif University of Technology,,,,41.5,,36.7,,,25.25,,
Sheffield Hallam University,15.85,27.05,21.5,,32.599999999999994,28.8,,,,31.25,23.2
Shenzhen University,,35.45,27.55,41.5,,40.0,,32.650000000000006,41.25,21.25,32.3
Shibaura Institute of Technology Tokyo,,,,17.299999999999997,,13.85,,,14.15,,
Shiga University of Medical Science,,,21.5,,,,,,,,
Shimane University,,,21.5,,,13.85,,15.2,,,
Shinshu University,,,21.5,,,22.65,,15.2,25.25,,
Shiraz University,,,,30.7,,22.65,,15.2,25.25,,
Shiraz University of Medical Sciences,,,21.5,,,,,,,,
Shiraz University of Technology,,,,,,22.65,,,25.25,,
Shizuoka University,,,,17.299999999999997,,13.85,,15.2,14.15,,
Showa University,,,21.5,,,,,,,,
Siberian Federal University,,,,,,13.85,,,14.15,,
Sichuan University,,41.45,43.85,30.7,,32.7,,26.4,25.25,,23.2
Sidi Mohamed Ben Abdellah University,,,34.3,17.299999999999997,,22.65,,,14.15,,
Siksha ‘O’ Anusandhan,,,21.5,17.299999999999997,,22.65,,,,,
Silesian University of Technology,,,,25.95,,22.65,,,25.25,,
Simon Fraser University,33.25,45.55,,41.5,39.2,36.7,,47.15,36.35,43.6,47.150000000000006
Simón Bolívar University,,,,,,13.85,,,14.15,,
Slovak University of Technology in Bratislava,,,,17.299999999999997,,13.85,,,14.15,,
Sofia University,,,,,,13.85,,15.2,14.15,,
Sogang University,,27.05,,17.299999999999997,,22.65,,,25.25,,
Sohag University,,,,,,22.65,,,32.05,,
Soochow University,,27.05,30.75,17.299999999999997,,45.1,,38.9,45.2,,23.2
Soongsil University,,,,17.299999999999997,,13.85,,,14.15,,
Sophia University,,,,,,13.85,,,14.15,,
Sorbonne University,57.7,,58.1,55.2,44.3,45.1,,70.7,71.6,,47.150000000000006
South China University of Technology,,31.6,30.75,30.7,,42.75,,43.7,41.25,,23.2
South Ural State University,,,,,,22.65,,,14.15,,
South Valley University,,,,,,,,,25.25,,
Southeast University,15.85,27.05,30.75,41.5,,49.1,,32.650000000000006,32.05,,
Southern Cross University,,27.05,21.5,,17.950000000000003,,,43.7,41.25,21.25,27.75
Southern Federal University,,,,17.299999999999997,,22.65,,,14.15,,
Southern Medical University,,,21.5,,,,,,,,
Southern University of Science and Technology (SUSTech),,,,30.7,,45.1,,50.0,48.25,,
Southwest Jiaotong University,,,,30.7,,22.65,,,14.15,,15.3
Southwestern University of Finance and Economics,,31.6,,,,,,,25.25,,
Sri Venkateswara University,,,,,,28.8,,,25.25,,
"St George’s, University of London",,,45.5,,,,,,,,
St Marianna University School of Medicine,,,21.5,,,,,,,,
St Petersburg Electrotechnical University (LETI),,,,17.299999999999997,,22.65,,,25.25,,
Stanford University,89.9,91.6,79.7,91.9,93.0,95.4,82.3,93.4,94.6,87.1,90.0
State University of Maringá,,,21.5,,17.950000000000003,13.85,,15.2,14.15,,
State University of New York Albany,23.85,31.6,37.6,35.15,41.1,,,26.4,36.35,35.35,35.85
State University of Ponta Grossa,,,21.5,,,,,32.650000000000006,14.15,,
State University of Santa Cruz,,,,,,,,15.2,,,
Stellenbosch University,23.85,27.05,45.5,25.95,39.2,28.8,,38.9,32.05,35.35,32.3
Stevens Institute of Technology,,,,41.5,,36.7,,,25.25,,
Stockholm University,42.75,45.55,,41.5,44.3,,37.0,61.1,59.6,49.25,55.4
Stony Brook University,30.6,38.85,30.75,45.5,27.25,42.75,,52.150000000000006,57.8,49.25,38.75
Suez Canal University,,,42.2,,,22.65,,15.2,14.15,,
Sultan Qaboos University,,,21.5,,,22.65,,26.4,,,
Sumy State University,,,,,,13.85,,,,,
Sun Yat-sen University,38.6,50.4,45.5,38.7,,45.1,,38.9,45.2,21.25,38.75
Sungkyunkwan University (SKKU),,52.7,67.1,47.900000000000006,,64.9,,54.45,59.5,,35.85
Suranaree University of Technology,,,,,,22.65,,,25.25,,
Swansea University,23.85,38.85,40.2,38.7,,36.7,,,41.25,31.25,35.85
Swedish University of Agricultural Sciences,,,,,,36.7,,60.9,,,41.75
Swinburne University of Technology,23.85,31.6,30.75,38.7,27.25,45.1,,,48.25,31.25,27.75
Syracuse University,23.85,38.85,,35.15,36.75,36.7,,26.4,50.75,31.25,55.7
Szent István University,,,,,,,,15.2,,,
São Paulo State University (UNESP),15.85,17.200000000000003,27.55,17.299999999999997,17.950000000000003,22.65,,26.4,25.25,21.25,15.3
Süleyman Demirel University,,,21.5,,,13.85,,,14.15,,
TOBB University of Economics and Technology,,,,,,13.85,,,,,
TU Braunschweig,,27.05,27.55,35.15,,36.7,,38.9,32.05,21.25,
TU Dortmund University,,35.45,,35.15,41.1,42.75,,,41.25,,41.75
TU Dresden,27.45,,40.2,51.1,32.599999999999994,56.7,,52.150000000000006,52.6,49.25,
TU Wien,,,,57.3,,49.1,,,41.25,,
Tabriz University of Medical Sciences,,,27.55,,,,,,,,
Taipei Medical University,,,43.85,,,,,,,,
Tallinn University,23.85,,,,17.950000000000003,,,,,,32.3
Tallinn University of Technology,,17.200000000000003,,25.95,,22.65,,,25.25,,35.85
Tamil Nadu Agricultural University,,,,,,,,15.2,,,
Tamkang University,,17.200000000000003,,17.299999999999997,17.950000000000003,13.85,,,14.15,,15.3
Tampere University,27.45,35.45,40.2,35.15,36.75,45.1,,38.9,,41.2,38.75
Tanta University,,,21.5,,,32.7,,26.4,25.25,,
Taras Shevchenko National University of Kyiv,,,,17.299999999999997,,13.85,,15.2,14.15,,
Technical University of Berlin,38.6,48.65,,63.2,,64.1,,,57.8,,47.150000000000006
Technical University of Cluj-Napoca,,,,17.299999999999997,,13.85,,,14.15,,
Technical University of Darmstadt,,,,58.9,,52.25,,38.9,41.25,,
Technical University of Denmark,,,40.2,47.900000000000006,,60.6,,62.5,55.05,,
Technical University of Košice,,17.200000000000003,,17.299999999999997,,13.85,,,,,
Technical University of Liberec,,17.200000000000003,,,,13.85,,,14.15,,
Technical University of Madrid,15.85,,,30.7,,28.8,,32.650000000000006,,,
Technical University of Munich,,59.1,60.8,83.5,,80.4,,65.5,78.8,,
Technion Israel Institute of Technology,,,37.6,59.3,,40.0,,43.7,45.2,,
Technological University Dublin,,,,,27.25,22.65,,,,,
Teesside University,,,,,,,,,,,23.2
Tehran University of Medical Sciences,,,34.3,,,,,,,,
Teikyo University,,,34.3,,,,,,,,
Tel Aviv University,38.6,45.55,40.2,51.1,36.75,40.0,51.4,47.15,50.75,46.55,41.75
Temple University,15.85,45.55,34.3,43.65,36.75,40.0,44.3,38.9,41.25,46.55,38.75
Texas A&M University,30.6,54.6,40.2,45.5,52.4,65.4,,54.45,55.05,35.35,41.75
Texas State University,15.85,17.200000000000003,21.5,,17.950000000000003,28.8,,15.2,25.25,21.25,15.3
Texas Tech University,15.85,27.05,,30.7,32.599999999999994,32.7,,26.4,36.35,31.25,23.2
Tezpur University,,,,,,22.65,,,25.25,,
Thammasat University,,17.200000000000003,21.5,17.299999999999997,,13.85,,15.2,14.15,,15.3
Thapar University,,,,35.15,,28.8,,,25.25,,
The Hong Kong University of Science and Technology,,74.6,,83.6,,81.3,,59.4,70.1,,64.4
The New School,23.85,,,,,,,,,38.45,35.85
The Open University,23.85,31.6,,30.7,47.85,32.7,,,36.35,38.45,35.85
The University of Aizu,,,,35.15,,,,,,,
The University of Chicago,82.0,86.9,71.4,72.6,,,78.2,88.6,89.7,82.0,84.9
The University of Electro-Communications,,,,17.299999999999997,,13.85,,,14.15,,
The University of Queensland,46.7,60.2,56.0,51.1,64.8,55.7,49.8,71.9,57.8,62.3,59.2
The University of Tennessee-Knoxville,15.85,35.45,27.55,,27.25,52.25,,32.650000000000006,52.6,31.25,27.75
The University of Texas at San Antonio,15.85,17.200000000000003,,41.5,27.25,36.7,,26.4,36.35,21.25,27.75
The University of Tokyo,62.9,70.1,71.8,71.8,62.2,76.2,,73.2,77.7,54.7,65.6
The University of Tulsa,,,,,,42.75,,,41.25,,
The University of Western Australia,30.6,43.3,45.5,41.5,47.85,49.1,44.8,61.5,55.05,52.5,47.150000000000006
The University of the West Indies,,,34.3,,,,,,,,15.3
Tianjin University,,38.85,,25.95,,49.1,,38.9,32.05,,
Tilburg University,42.75,68.3,27.55,25.95,41.1,,50.7,,,60.5,47.150000000000006
Toho University,,,21.5,,,,,,25.25,,
Tohoku University,,,43.85,35.15,,56.3,,50.0,57.8,,38.75
Tokai University,,,21.5,17.299999999999997,,13.85,,15.2,14.15,,
Tokat Gaziosmanpaşa University,,,21.5,,,,,,25.25,,
Tokushima University,,,21.5,,,13.85,,15.2,,,
Tokyo City University,,,,,,13.85,,,,,
Tokyo Denki University,,,,17.299999999999997,,13.85,,,,,
Tokyo Institute of Technology,15.85,,,,,62.2,,47.15,52.6,,32.3
Tokyo Medical University,,,34.3,,,,,,,,
Tokyo Medical and Dental University (TMDU),,,54.2,,,22.65,,38.9,,,
Tokyo Metropolitan University,,,21.5,25.95,,22.65,,50.0,32.05,,
Tokyo University of Agriculture,,,,,,,,15.2,,,
Tokyo University of Agriculture and Technology,,,,17.299999999999997,,22.65,,26.4,14.15,,
Tokyo University of Marine Science and Technology,,,,,,,,15.2,14.15,,
Tokyo University of Science,,,21.5,17.299999999999997,,22.65,,32.650000000000006,25.25,,
Tomas Bata University in Zlín,,27.05,,,,13.85,,,,,
Tomsk Polytechnic University,,,,25.95,,40.0,,,36.35,,
Tomsk State University,30.6,,30.75,17.299999999999997,17.950000000000003,36.7,,32.650000000000006,50.75,,23.2
Tongji University,30.6,43.3,40.2,30.7,,52.25,,32.650000000000006,36.35,,27.75
Tottori University,,,21.5,,,13.85,,15.2,,,
Toyohashi University of Technology (TUT),,,,17.299999999999997,,22.65,,,14.15,,
Tribhuvan University,,,21.5,,,,,,25.25,,
Trinity College Dublin,42.75,43.3,45.5,45.5,50.0,46.75,,62.4,52.6,53.9,47.150000000000006
Tshwane University of Technology,,,,,,36.7,,,41.25,,
Tsinghua University,59.2,80.6,67.9,85.0,,85.1,,87.6,82.6,,72.4
Tufts University,27.45,,52.7,25.95,44.3,40.0,,54.45,48.25,43.6,38.75
Tulane University,15.85,31.6,42.2,,,,,,25.25,31.25,27.75
Tunghai University,,,,,,13.85,,,14.15,,
Tzu Chi University,,,21.5,,,,,15.2,,,
Télécom Paris,,,,47.900000000000006,,45.1,,,57.8,,44.25
UCL,84.0,78.1,78.1,83.2,76.4,67.3,73.0,90.1,75.4,82.4,82.6
UNSW Sydney,38.6,58.9,58.2,56.6,56.1,64.4,69.8,60.9,59.5,60.1,52.6
Ufa State Aviation Technical University,,,,,,13.85,,,14.15,,
UiT The Arctic University of Norway,30.6,17.200000000000003,37.6,,,22.65,,38.9,36.35,31.25,27.75
Ulm University,,,45.5,41.5,,42.75,,47.15,45.2,38.45,
Ulsan National Institute of Science and Technology (UNIST),,,,38.7,,52.25,,52.150000000000006,55.05,,
Ulster University,15.85,17.200000000000003,30.75,17.299999999999997,27.25,28.8,,32.650000000000006,,38.45,23.2
Umeå University,23.85,31.6,37.6,25.95,27.25,28.8,,50.0,41.25,35.35,32.3
Unisinos University,,17.200000000000003,,,17.950000000000003,,,,,,
United Arab Emirates University,,31.6,43.85,30.7,27.25,28.8,,32.650000000000006,25.25,,23.2
Universidad Autónoma de Chile,,,34.3,,,,,,,,
Universidad Peruana Cayetano Heredia,,,30.75,,,,,32.650000000000006,,,
Universitas Gadjah Mada,,31.6,21.5,,,22.65,,15.2,14.15,,23.2
Universiti Kebangsaan Malaysia,23.85,17.200000000000003,37.6,25.95,27.25,28.8,,15.2,14.15,,23.2
Universiti Malaysia Perlis,,,,,,13.85,,,41.25,,
Universiti Malaysia Sarawak (UNIMAS),,17.200000000000003,,,,13.85,,,,,
Universiti Putra Malaysia,23.85,31.6,30.75,17.299999999999997,27.25,32.7,,26.4,25.25,,
Universiti Sains Malaysia,27.45,35.45,34.3,30.7,36.75,28.8,,15.2,25.25,,27.75
Universiti Teknologi MARA,15.85,17.200000000000003,30.75,17.299999999999997,27.25,13.85,,,14.15,,15.3
Universiti Teknologi Malaysia,,45.55,,30.7,47.85,32.7,,,25.25,,38.75
Universiti Teknologi Petronas,,,,25.95,,32.7,,,25.25,,
Universiti Tenaga Nasional (UNITEN),,,,17.299999999999997,,32.7,,,,,
Universiti Tunku Abdul Rahman (UTAR),,17.200000000000003,,,,22.65,,,14.15,,
Universiti Utara Malaysia,,27.05,,17.299999999999997,17.950000000000003,,,,14.15,,23.2
University College Cork,23.85,17.200000000000003,43.85,25.95,27.25,32.7,,50.0,36.35,38.45,23.2
University College Dublin,35.599999999999994,38.85,40.2,38.7,44.3,46.75,,50.0,52.6,35.35,41.75
University Rey Juan Carlos,,17.200000000000003,21.5,25.95,27.25,28.8,,,32.05,,15.3
University at Buffalo,23.85,31.6,42.2,43.65,39.2,46.75,,32.650000000000006,41.25,35.35,32.3
University of A Coruña,15.85,17.200000000000003,21.5,25.95,17.950000000000003,22.65,,15.2,32.05,,15.3
University of Aberdeen,35.599999999999994,31.6,45.5,35.15,36.75,32.7,,62.9,48.25,41.2,44.25
University of Adelaide,33.25,38.85,47.8,53.9,47.85,52.25,32.3,54.45,55.05,41.2,38.75
"University of Agriculture, Faisalabad",,,27.55,,,32.7,,15.2,36.35,,
University of Alabama,15.85,31.6,34.3,30.7,32.599999999999994,32.7,32.3,,41.25,35.35,23.2
University of Alabama at Birmingham,,,49.9,,27.25,22.65,,,25.25,31.25,32.3
University of Alabama in Huntsville,,,,,,32.7,,,41.25,,
University of Alaska Fairbanks,,,,,,32.7,,43.7,50.75,,35.85
University of Alberta,30.6,51.6,54.6,51.1,47.85,49.1,21.6,54.45,52.6,46.55,38.75
University of Alcalá,23.85,,21.5,30.7,27.25,28.8,,26.4,32.05,,23.2
University of Algarve,,27.05,27.55,,,,,32.650000000000006,,,32.3
University of Alicante,15.85,17.200000000000003,21.5,25.95,27.25,32.7,,26.4,32.05,,15.3
University of Almería,,,,,17.950000000000003,28.8,,26.4,25.25,21.25,
University of Amsterdam,63.0,55.6,58.3,56.9,52.4,,65.5,52.150000000000006,57.8,74.6,75.9
University of Antioquia,15.85,,21.5,,17.950000000000003,22.65,,15.2,25.25,,15.3
University of Antwerp,35.599999999999994,45.55,40.2,43.65,52.4,40.0,37.0,47.15,52.6,,47.150000000000006
University of Arizona,48.5,48.65,45.5,41.5,47.85,45.1,32.3,58.4,66.1,,59.5
University of Arkansas,15.85,31.6,21.5,25.95,32.599999999999994,28.8,,26.4,25.25,31.25,23.2
University of Auckland,42.75,43.3,45.5,41.5,64.8,46.75,37.0,52.150000000000006,41.25,52.4,44.25
University of Aveiro,,,,,,32.7,,32.650000000000006,32.05,,27.75
University of Baghdad,,,34.3,,,22.65,,15.2,14.15,,
University of Barcelona,42.75,31.6,42.2,,36.75,36.7,32.3,47.15,45.2,46.55,35.85
University of Bari Aldo Moro,15.85,27.05,34.3,25.95,,,,32.650000000000006,36.35,31.25,
University of Basel,35.599999999999994,,49.7,45.5,,,,59.1,57.8,46.55,
University of Bath,27.45,41.45,40.2,30.7,51.7,45.1,,43.7,48.25,52.6,41.75
University of Bayreuth,,38.85,,,,42.75,,43.7,41.25,,32.3
University of Bedfordshire,,,,,36.75,,,,,,23.2
University of Beira Interior,,27.05,21.5,35.15,,36.7,,15.2,25.25,,23.2
University of Bergamo,,38.85,,,,32.7,,,,,
University of Bergen,33.25,,45.5,35.15,,,,47.15,48.25,41.2,41.75
University of Bern,38.6,35.45,47.8,41.5,,,,50.0,60.3,43.6,50.45
University of Birjand,,,,,,13.85,,,14.15,,
University of Birmingham,54.0,38.85,47.8,51.1,47.85,49.1,32.3,57.0,55.05,57.8,50.45
University of Biskra,,,,,,13.85,,,14.15,,
University of Bologna,42.75,38.85,45.5,51.1,44.3,42.75,44.5,38.9,48.25,43.6,44.25
University of Bonn,30.6,57.8,40.2,51.1,,,,60.2,68.4,43.6,44.25
University of Bordeaux,33.25,17.200000000000003,37.6,25.95,,28.8,,43.7,41.25,21.25,32.3
University of Bradford,,31.6,30.75,25.95,,22.65,,,25.25,,27.75
University of Brasília,15.85,17.200000000000003,34.3,17.299999999999997,27.25,13.85,,15.2,14.15,31.25,23.2
University of Brawijaya,,,,,,13.85,,15.2,14.15,,
University of Bremen,33.25,,,35.15,39.2,36.7,,50.0,41.25,21.25,41.75
University of Brescia,,27.05,30.75,,,28.8,,,,,
University of Brighton,15.85,31.6,27.55,,27.25,,,,32.05,,32.3
University of Bristol,46.1,41.45,54.1,51.1,55.7,55.8,52.4,57.0,64.7,59.9,50.45
University of British Columbia,57.7,73.6,69.3,71.6,75.2,67.7,60.5,80.0,69.1,76.8,72.5
University of Bucharest,15.85,17.200000000000003,,17.299999999999997,,,,26.4,14.15,,15.3
University of Burgos,,,,,,13.85,,,14.15,,27.75
University of Béjaïa,,,,,,32.7,,,25.25,,
University of Cadiz,23.85,,21.5,,17.950000000000003,22.65,,26.4,32.05,,
University of Calabria,,27.05,,38.7,,32.7,,32.650000000000006,32.05,,27.75
University of Calgary,30.6,35.45,43.85,30.7,41.1,40.0,21.6,47.15,41.25,38.45,27.75
"University of California, Berkeley",80.8,88.1,76.6,,85.7,87.8,77.1,88.0,90.8,,82.3
"University of California, Davis",33.25,,49.9,,,57.9,,80.0,65.3,68.0,57.2
"University of California, Irvine",42.75,43.3,45.5,60.7,53.0,57.1,61.6,54.45,64.6,52.2,56.7
"University of California, Los Angeles",78.1,81.0,76.7,85.7,83.3,89.3,74.5,84.7,87.3,78.9,82.4
"University of California, Merced",,,,,,28.8,,43.7,41.25,38.45,35.85
"University of California, Riverside",27.45,27.05,34.3,47.900000000000006,36.75,52.25,,57.0,55.05,43.6,32.3
"University of California, San Diego",54.6,72.9,69.9,75.4,60.8,74.6,,88.9,77.2,66.3,67.2
"University of California, Santa Barbara",48.1,,,64.0,60.6,76.8,,62.3,77.9,59.3,58.1
"University of California, Santa Cruz",38.6,,,45.5,36.75,46.75,,57.0,62.3,43.6,47.150000000000006
University of Cambridge,86.7,88.8,80.4,89.9,83.4,95.2,81.0,96.2,94.6,,87.9
University of Campinas,30.6,27.05,34.3,35.15,44.3,32.7,,38.9,32.05,,35.85
University of Canberra,,35.45,47.8,,41.1,,,38.9,,31.25,41.75
University of Canterbury,30.6,41.45,43.85,30.7,27.25,28.8,,43.7,36.35,31.25,38.75
University of Cape Town,33.25,41.45,56.5,25.95,36.75,32.7,37.0,52.150000000000006,36.35,49.25,54.3
University of Carthage,,17.200000000000003,,17.299999999999997,,22.65,,15.2,14.15,,
University of Castilla-La Mancha,15.85,27.05,21.5,17.299999999999997,17.950000000000003,28.8,,26.4,25.25,,15.3
University of Catania,15.85,31.6,30.75,,,28.8,,32.650000000000006,36.35,,27.75
University of Central Florida,15.85,35.45,27.55,35.15,41.1,40.0,32.3,32.650000000000006,36.35,35.35,32.3
University of Central Lancashire,15.85,17.200000000000003,27.55,,27.25,,,15.2,,31.25,15.3
University of Cergy-Pontoise,,,,,,22.65,,,25.25,,
"University of Chemistry and Technology, Prague",,,,,,22.65,,15.2,14.15,,
University of Chester,,,,,,,,,,,15.3
University of Chile,15.85,17.200000000000003,27.55,35.15,39.2,28.8,21.6,26.4,36.35,21.25,23.2
University of Cincinnati,27.45,31.6,43.85,30.7,27.25,36.7,37.0,43.7,48.25,31.25,35.85
University of Clermont Auvergne,,,30.75,17.299999999999997,,22.65,,38.9,36.35,21.25,
University of Coimbra,23.85,27.05,30.75,30.7,39.2,28.8,21.6,38.9,32.05,31.25,32.3
University of Cologne,42.75,,45.5,,,,,57.0,41.25,50.8,
University of Colombo,,,21.5,,,,,,,,
University of Colorado Boulder,33.25,38.85,,47.900000000000006,53.1,52.25,37.0,57.0,74.2,53.8,50.45
University of Concepción,,,21.5,,17.950000000000003,22.65,,15.2,25.25,,15.3
University of Connecticut,33.25,31.6,34.3,35.15,47.85,42.75,21.6,38.9,41.25,49.25,32.3
University of Constantine 1,,,,,,13.85,,,14.15,,
University of Copenhagen,49.6,,53.3,,,,52.4,,61.0,,62.3
University of Costa Rica,,,40.2,,,,,15.2,14.15,,
University of Crete,,,42.2,25.95,,,,38.9,25.25,31.25,
University of Cyprus,27.45,27.05,,35.15,44.3,40.0,,,36.35,41.2,
University of Córdoba,15.85,,27.55,,17.950000000000003,28.8,,26.4,25.25,,15.3
University of Côte d’Azur,23.85,31.6,40.2,35.15,,32.7,,47.15,45.2,21.25,27.75
University of Dar es Salaam,,,,,,,,,,,23.2
University of Debrecen,,,27.55,,,22.65,,26.4,25.25,,32.3
University of Delaware,23.85,35.45,37.6,35.15,47.85,46.75,,47.15,50.75,43.6,35.85
University of Delhi,15.85,27.05,,25.95,,,,32.650000000000006,25.25,,15.3
University of Denver,15.85,35.45,,,47.85,,21.6,,45.2,35.35,35.85
University of Derby,,27.05,,,,,,,,31.25,15.3
University of Desarrollo,,,37.6,,,,,,,,
University of Deusto,,35.45,,,41.1,,,,,21.25,23.2
University of Dhaka,,,27.55,17.299999999999997,,13.85,,15.2,14.15,,15.3
University of Duisburg-Essen,27.45,31.6,42.2,35.15,36.75,46.75,,,36.35,,
University of Dundee,15.85,27.05,43.85,,32.599999999999994,28.8,,57.0,,49.25,32.3
University of East Anglia,30.6,41.45,40.2,,32.599999999999994,,48.9,57.0,52.6,38.45,50.45
University of East London,,,,,17.950000000000003,,,,,31.25,32.3
University of Eastern Finland,23.85,27.05,34.3,30.7,32.599999999999994,,,43.7,36.35,21.25,27.75
"University of Economics, Prague",,17.200000000000003,,,,,,,,,
University of Edinburgh,78.8,60.2,71.5,81.7,67.7,58.3,69.8,81.5,73.3,73.0,68.7
University of Electronic Science and Technology of China,,,,35.15,,40.0,,,,,
University of Engineering & Technology (UET) Lahore,,,,,,13.85,,,14.15,,
University of Erlangen-Nuremberg,27.45,41.45,40.2,51.1,27.25,55.7,,52.150000000000006,52.6,38.45,
University of Essex,30.6,48.65,30.75,43.65,,,44.7,43.7,,35.35,64.9
University of Exeter,48.0,45.55,40.2,41.5,44.3,42.75,42.1,58.8,55.05,52.7,50.45
University of Ferrara,,,27.55,35.15,,36.7,,38.9,41.25,,
University of Florence,27.45,27.05,34.3,30.7,36.75,36.7,,38.9,41.25,,35.85
University of Florida,27.45,52.0,51.1,45.5,44.3,45.1,37.0,57.0,52.6,49.25,44.25
University of Fortaleza (UNIFOR),,,21.5,,,,,,,,
University of Freiburg,56.4,,47.8,59.2,,49.1,,65.3,60.1,46.55,44.25
University of Fribourg,35.599999999999994,,34.3,,,,,43.7,48.25,41.2,35.85
University of Fukui,,,21.5,,,13.85,,,,,
University of Gdańsk,15.85,,,,,,,15.2,14.15,,15.3
University of Geneva,49.6,,43.85,47.900000000000006,41.1,,46.5,63.4,59.8,46.55,47.150000000000006
University of Genoa,23.85,27.05,34.3,30.7,,32.7,21.6,38.9,41.25,,
University of Georgia,23.85,38.85,34.3,35.15,67.5,28.8,21.6,50.0,32.05,46.55,50.45
University of Ghana,,27.05,27.55,,,,,15.2,14.15,,27.75
University of Girona,15.85,27.05,30.75,,27.25,36.7,,32.650000000000006,41.25,21.25,27.75
University of Glasgow,47.1,41.45,58.9,41.5,47.85,42.75,56.8,61.9,52.6,43.6,47.150000000000006
University of Gothenburg,33.25,38.85,45.5,25.95,39.2,32.7,32.3,50.0,41.25,35.35,47.150000000000006
University of Granada,23.85,31.6,27.55,41.5,27.25,36.7,21.6,32.650000000000006,41.25,35.35,23.2
University of Graz,30.6,31.6,,,,,,38.9,32.05,43.6,
University of Greenwich,,31.6,27.55,,27.25,32.7,,32.650000000000006,25.25,35.35,27.75
University of Greifswald,,,34.3,,,,,38.9,25.25,31.25,
University of Groningen,50.1,55.0,54.3,47.900000000000006,49.8,52.25,50.0,60.4,61.5,67.6,50.45
University of Guadalajara,,,21.5,17.299999999999997,,13.85,,15.2,14.15,21.25,15.3
University of Guanajuato,,,,,,13.85,,15.2,14.15,,
University of Guelph,15.85,31.6,,25.95,,32.7,,47.15,41.25,31.25,32.3
University of Guilan,,,,,,28.8,,15.2,25.25,,
University of Göttingen,38.6,,40.2,45.5,,,,66.0,63.1,49.25,44.25
University of Haifa,30.6,,34.3,25.95,36.75,,21.6,32.650000000000006,,38.45,32.3
University of Hamburg,45.5,41.45,42.2,41.5,55.4,,45.9,50.0,57.8,38.45,44.25
University of Havana,,,,,,,,,14.15,,
University of Hawai’i at Mānoa,35.599999999999994,35.45,34.3,35.15,36.75,36.7,,47.15,60.0,35.35,44.25
University of Helsinki,54.2,,50.0,45.5,56.8,,43.9,62.4,57.8,46.55,47.150000000000006
University of Hertfordshire,,17.200000000000003,27.55,,17.950000000000003,,,,,31.25,27.75
University of Hohenheim,,31.6,,,,,,47.15,,,
University of Hong Kong,65.8,70.5,70.4,72.9,89.5,68.8,69.9,70.6,67.3,58.6,76.3
University of Houston,15.85,27.05,34.3,38.7,39.2,42.75,37.0,32.650000000000006,41.25,38.45,27.75
University of Hradec Králové,,,,,17.950000000000003,,,,,,
University of Huddersfield,23.85,35.45,27.55,25.95,17.950000000000003,32.7,,,,31.25,32.3
University of Hull,15.85,35.45,30.75,,27.25,36.7,,32.650000000000006,41.25,31.25,27.75
University of Hyogo,,,,,,13.85,,,14.15,,
University of Ibadan,,,34.3,,,,,15.2,14.15,,15.3
University of Iceland,27.45,,30.75,,27.25,45.1,,54.45,48.25,35.35,35.85
University of Idaho,,,,43.65,17.950000000000003,32.7,,38.9,36.35,,23.2
University of Illinois at Chicago,27.45,41.45,47.8,41.5,44.3,40.0,,38.9,41.25,49.25,47.150000000000006
University of Illinois at Urbana-Champaign,46.9,60.9,53.5,79.0,70.7,81.7,40.6,62.4,74.5,69.8,65.8
University of Indonesia,,27.05,30.75,25.95,,22.65,,,14.15,,27.75
University of Innsbruck,27.45,38.85,34.3,38.7,,32.7,,38.9,50.75,31.25,
University of Insubria,,,34.3,,,,,32.650000000000006,32.05,,
University of International Business and Economics,,27.05,,,,,,,,,
University of Ioannina,,,30.75,17.299999999999997,,32.7,,,32.05,,
University of Iowa,27.45,38.85,47.8,41.5,55.2,36.7,21.6,43.7,48.25,43.6,35.85
University of Isfahan,,17.200000000000003,,17.299999999999997,,13.85,,15.2,14.15,,
University of Jaén,15.85,,21.5,38.7,27.25,22.65,,15.2,25.25,21.25,
University of Johannesburg,23.85,17.200000000000003,27.55,25.95,27.25,36.7,21.6,32.650000000000006,36.35,31.25,32.3
University of Jordan,,,21.5,41.5,,32.7,,15.2,25.25,,15.3
University of Jyväskylä,30.6,35.45,30.75,25.95,47.85,,,,32.05,41.2,38.75
University of Kaiserslautern,,,,35.15,,32.7,,43.7,32.05,,
University of Kansas,23.85,17.200000000000003,34.3,,39.2,32.7,,38.9,41.25,46.55,27.75
University of Kashan,,,,,,36.7,,,36.35,,
University of Kent,27.45,38.85,,35.15,,,50.9,50.0,36.35,52.8,41.75
University of Kentucky,15.85,31.6,34.3,30.7,36.75,32.7,32.3,32.650000000000006,32.05,35.35,32.3
University of Kiel,27.45,31.6,43.85,17.299999999999997,39.2,40.0,,43.7,41.25,21.25,38.75
University of Klagenfurt,,,,41.5,,,,,48.25,,41.75
University of Konstanz,33.25,43.3,,35.15,,,,54.45,41.25,51.5,55.4
University of Kurdistan,,,,,,22.65,,,25.25,,
University of KwaZulu-Natal,15.85,17.200000000000003,40.2,25.95,27.25,28.8,,26.4,32.05,31.25,27.75
University of La Frontera,,,30.75,,,,,15.2,,,
University of La Laguna,15.85,,27.55,,27.25,22.65,,15.2,45.2,21.25,15.3
University of Lagos,,,30.75,,,,,,,,15.3
University of Las Palmas de Gran Canaria,15.85,17.200000000000003,30.75,,,13.85,,26.4,14.15,,
University of Latvia,,,,,,,,26.4,25.25,,15.3
University of Lausanne,35.599999999999994,48.65,42.2,,,,42.2,57.0,45.2,38.45,44.25
University of Leeds,53.1,52.0,45.5,38.7,52.8,49.1,43.4,58.6,52.6,38.45,50.45
University of Leicester,38.6,31.6,47.8,43.65,53.8,36.7,21.6,47.15,50.75,31.25,41.75
University of Leoben,,,,,,32.7,,,25.25,,
University of Lethbridge,,,21.5,,,,,15.2,25.25,21.25,23.2
University of León,,,21.5,,32.599999999999994,,,15.2,25.25,,
University of Lille,23.85,17.200000000000003,30.75,25.95,17.950000000000003,28.8,,32.650000000000006,25.25,21.25,15.3
University of Limerick,23.85,27.05,34.3,30.7,44.3,36.7,,38.9,36.35,31.25,32.3
University of Lincoln,15.85,17.200000000000003,30.75,38.7,,,,38.9,,31.25,23.2
University of Lisbon,27.45,31.6,34.3,30.7,41.1,32.7,32.3,38.9,36.35,21.25,32.3
University of Liverpool,33.25,38.85,58.4,41.5,41.1,46.75,40.3,52.150000000000006,50.75,35.35,41.75
University of Liège,23.85,31.6,37.6,41.5,,42.75,,38.9,41.25,31.25,32.3
University of Ljubljana,15.85,27.05,27.55,30.7,17.950000000000003,22.65,21.6,26.4,25.25,21.25,23.2
University of Lleida,15.85,,21.5,,27.25,36.7,,32.650000000000006,,,35.85
University of Lorraine,15.85,17.200000000000003,40.2,30.7,,22.65,,32.650000000000006,25.25,21.25,15.3
University of Luxembourg,,38.85,,54.8,39.2,49.1,,,50.75,41.2,47.150000000000006
University of L’Aquila,,,27.55,35.15,,40.0,,32.650000000000006,36.35,,
University of Macau,35.599999999999994,31.6,,45.5,47.85,49.1,,38.9,45.2,51.3,32.3
University of Malaga,15.85,17.200000000000003,27.55,30.7,17.950000000000003,22.65,,26.4,25.25,21.25,15.3
University of Malaya,27.45,43.3,42.2,47.900000000000006,39.2,49.1,,32.650000000000006,41.25,38.45,32.3
University of Malta,15.85,,30.75,30.7,27.25,22.65,,,25.25,,23.2
University of Manchester,59.9,67.2,57.6,56.3,56.0,65.7,54.9,64.7,71.3,54.7,72.4
University of Manitoba,15.85,31.6,40.2,,27.25,36.7,,32.650000000000006,25.25,,27.75
University of Mannheim,30.6,64.5,,47.900000000000006,39.2,,,,41.25,50.8,69.1
University of Manouba,,,,25.95,,,,,,,
University of Marburg,23.85,,34.3,,,,,38.9,36.35,35.35,
University of Maribor,15.85,17.200000000000003,21.5,25.95,17.950000000000003,22.65,21.6,,32.05,,15.3
University of Marrakech Cadi Ayyad,,,,17.299999999999997,,22.65,,,14.15,,
"University of Maryland, Baltimore County",,,,30.7,,32.7,,38.9,41.25,21.25,
"University of Maryland, College Park",46.9,58.6,42.2,67.7,65.5,57.5,,57.0,67.3,61.6,60.3
University of Massachusetts,42.75,48.65,37.6,57.0,47.85,52.25,,57.0,55.05,38.45,41.75
University of Mazandaran,,,,,,32.7,,,25.25,,
University of Melbourne,60.3,66.8,76.4,61.8,73.2,61.0,74.3,72.4,64.3,67.8,60.5
University of Miami,27.45,38.85,43.85,,41.1,36.7,32.3,43.7,48.25,49.25,32.3
University of Michigan-Ann Arbor,76.0,82.4,71.8,82.1,81.9,85.2,65.6,79.3,81.0,79.1,85.6
University of Milan,27.45,,45.5,25.95,,,32.3,32.650000000000006,41.25,,27.75
University of Milan-Bicocca,,17.200000000000003,37.6,35.15,,36.7,,32.650000000000006,41.25,35.35,23.2
University of Minho,23.85,27.05,30.75,17.299999999999997,36.75,32.7,,,25.25,31.25,23.2
University of Minnesota,35.599999999999994,67.7,53.5,51.1,72.5,56.9,37.0,63.1,57.8,73.1,61.5
University of Missouri-St Louis,,,27.55,,27.25,,,,41.25,35.35,35.85
University of Miyazaki,,,21.5,,,13.85,,15.2,,,
University of Modena and Reggio Emilia,,27.05,34.3,35.15,,28.8,,38.9,36.35,,23.2
University of Monastir,,,21.5,17.299999999999997,,13.85,,15.2,14.15,,
University of Montenegro,,,,,,22.65,,,14.15,,
University of Montreal,38.6,43.3,59.1,77.1,36.75,40.0,39.7,52.150000000000006,45.2,38.45,50.45
University of Mumbai,,,,,,,,,14.15,,
University of Murcia,15.85,17.200000000000003,27.55,30.7,27.25,,,26.4,25.25,21.25,15.3
University of Mysore,,,,,,,,15.2,14.15,,
University of Münster,38.6,,40.2,35.15,27.25,,,,55.05,41.2,
University of Nairobi,,,34.3,,,,,15.2,,,15.3
University of Nantes,15.85,17.200000000000003,34.3,,,22.65,,,36.35,21.25,15.3
University of Naples Federico II,23.85,31.6,34.3,41.5,,40.0,,32.650000000000006,41.25,31.25,32.3
University of Navarra,30.6,43.3,37.6,,,22.65,,38.9,,,27.75
University of Nebraska Medical Center,,,30.75,,,,,32.650000000000006,,,
University of Nebraska-Lincoln,23.85,31.6,,35.15,36.75,42.75,,43.7,48.25,41.2,32.3
University of Neuchâtel,27.45,,,,,,,47.15,32.05,38.45,38.75
"University of Nevada, Las Vegas",15.85,35.45,21.5,17.299999999999997,36.75,22.65,,26.4,32.05,31.25,27.75
University of New Mexico (Main campus),,17.200000000000003,,,,32.7,,,,,
University of Newcastle,23.85,43.3,40.2,38.7,41.1,36.7,,38.9,36.35,35.35,32.3
University of Nigeria Nsukka,,,27.55,,,,,15.2,14.15,,15.3
University of North Carolina Wilmington,,,,,17.950000000000003,,,15.2,14.15,21.25,15.3
University of North Carolina at Chapel Hill,50.2,55.0,68.9,51.1,69.7,49.1,37.0,66.4,57.8,68.9,71.3
University of North Carolina at Greensboro,15.85,27.05,27.55,,36.75,,,32.650000000000006,14.15,43.6,23.2
University of North Florida,,,,,,,,,,,15.3
University of Northern British Columbia (UNBC),,,,,,,,,,,23.2
University of Notre Dame,57.4,48.65,,41.5,,49.1,32.3,,52.6,49.25,50.45
University of Nottingham,42.75,48.65,45.5,47.900000000000006,55.9,52.25,45.0,57.0,52.6,49.25,44.25
"University of Occupational and Environmental Health, Japan",,,42.2,,,,,,,,
University of Oregon,30.6,31.6,,,44.3,,,47.15,48.25,53.1,38.75
University of Oslo,45.7,,47.8,41.5,55.5,,44.7,52.150000000000006,52.6,38.45,58.8
University of Ostrava,,,21.5,,,,,,14.15,,
University of Otago,35.599999999999994,35.45,43.85,25.95,39.2,,,38.9,41.25,49.25,44.25
University of Ottawa,30.6,31.6,53.9,43.65,39.2,36.7,41.4,43.7,41.25,35.35,32.3
University of Oulu,23.85,31.6,34.3,43.65,36.75,46.75,,,36.35,,
University of Oviedo,15.85,17.200000000000003,27.55,17.299999999999997,27.25,22.65,,38.9,32.05,31.25,
University of Oxford,86.4,91.2,84.7,92.1,87.1,95.0,78.3,95.3,93.8,,93.4
University of Padua,38.6,35.45,37.6,38.7,44.3,42.75,21.6,47.15,48.25,56.3,32.3
University of Palermo,15.85,27.05,30.75,,,32.7,,32.650000000000006,32.05,,
University of Pardubice,,17.200000000000003,,,,13.85,,,14.15,,
University of Paris,38.6,17.200000000000003,59.3,41.5,,,,54.45,62.9,41.2,38.75
University of Parma,,17.200000000000003,30.75,30.7,,22.65,,38.9,32.05,,23.2
University of Passau,,,,45.5,,,,,,,27.75
University of Patras,,,21.5,25.95,27.25,28.8,,15.2,25.25,,
University of Pavia,23.85,31.6,30.75,30.7,,,,38.9,36.35,35.35,23.2
University of Pennsylvania,78.4,86.2,76.3,77.1,84.5,73.7,67.5,86.2,74.2,83.4,81.7
University of Peradeniya,,,,,,,,15.2,25.25,,
University of Perugia,,27.05,34.3,35.15,,42.75,,38.9,45.2,,27.75
University of Peshawar,,,,,,,,,25.25,,
University of Pisa,30.6,27.05,34.3,41.5,,36.7,,38.9,48.25,,27.75
University of Pittsburgh-Pittsburgh campus,50.9,41.45,60.6,43.65,65.9,40.0,21.6,57.0,45.2,53.8,47.150000000000006
University of Plymouth,23.85,35.45,27.55,35.15,27.25,40.0,,43.7,41.25,31.25,27.75
University of Porto,23.85,27.05,37.6,30.7,39.2,36.7,,38.9,36.35,21.25,27.75
University of Portsmouth,15.85,27.05,27.55,30.7,27.25,28.8,21.6,32.650000000000006,48.25,35.35,23.2
University of Potsdam,38.6,,,43.65,36.75,,,50.0,45.2,49.25,
University of Pretoria,23.85,31.6,27.55,30.7,27.25,22.65,41.8,38.9,25.25,21.25,27.75
University of Puerto Rico,,,27.55,,,28.8,,26.4,32.05,,
University of Pécs,,,30.75,,,,,26.4,14.15,,
University of Reading,35.599999999999994,43.3,,30.7,44.3,,,52.150000000000006,55.05,43.6,
University of Regina,,,,,,32.7,,,36.35,31.25,23.2
University of Rennes 1,,17.200000000000003,27.55,35.15,,28.8,,32.650000000000006,36.35,,
University of Rhode Island,,17.200000000000003,30.75,,17.950000000000003,36.7,,32.650000000000006,36.35,31.25,27.75
University of Rochester,30.6,41.45,42.2,,50.9,40.0,,47.15,55.05,58.8,
University of Roehampton,23.85,,,,27.25,,,,,21.25,23.2
University of Rome II – Tor Vergata,15.85,27.05,30.75,,,32.7,,32.650000000000006,48.25,,
University of Rome III,27.45,27.05,,35.15,27.25,42.75,,,41.25,,27.75
University of Rovira i Virgili,27.45,27.05,27.55,30.7,17.950000000000003,36.7,,43.7,45.2,21.25,35.85
University of Salamanca,27.45,27.05,27.55,30.7,41.1,22.65,,32.650000000000006,36.35,21.25,27.75
University of Salento,,17.200000000000003,,30.7,,32.7,,38.9,36.35,,15.3
University of Salerno,15.85,27.05,40.2,35.15,,40.0,,,41.25,,23.2
University of Salford,15.85,27.05,21.5,,,36.7,,26.4,,,23.2
University of Santiago de Compostela,23.85,27.05,27.55,25.95,27.25,28.8,,32.650000000000006,32.05,21.25,15.3
"University of Santiago, Chile (USACH)",15.85,,21.5,,,13.85,,15.2,14.15,,
University of Sargodha,,,,,,,,15.2,14.15,,
University of Saskatchewan,15.85,17.200000000000003,34.3,35.15,27.25,36.7,,32.650000000000006,41.25,31.25,27.75
University of Sassari,,,27.55,,,,,32.650000000000006,32.05,,27.75
University of Science and Technology Beijing,,17.200000000000003,,30.7,,32.7,,,25.25,,15.3
University of Science and Technology of China,,,,61.0,,76.5,,66.8,71.3,,
University of Science and Technology of Oran Mohamed-Boudiaf,,,,,,13.85,,,14.15,,
University of Sciences and Technology Houari Boumediene,,,,17.299999999999997,,13.85,,,14.15,,
University of Seoul,,,,,,22.65,,,25.25,,
University of Seville,27.45,27.05,27.55,30.7,27.25,28.8,,26.4,25.25,21.25,15.3
University of Sfax,,17.200000000000003,21.5,17.299999999999997,,22.65,,15.2,14.15,,
University of Sharjah,,,,,,32.7,,,32.05,,
University of Sheffield,54.4,45.55,50.0,,49.7,52.25,40.3,54.45,50.75,46.55,61.9
University of Shizuoka,,,21.5,,,,,15.2,,,
University of Siegen,,31.6,,,,36.7,,,41.25,,27.75
University of Siena,27.45,27.05,30.75,30.7,,36.7,,26.4,41.25,,27.75
University of Silesia in Katowice,15.85,,,,17.950000000000003,,,15.2,14.15,,15.3
University of Sonora,,,,,,13.85,,,14.15,,
University of Sousse,,17.200000000000003,21.5,17.299999999999997,,22.65,,,14.15,,
University of South Africa,15.85,17.200000000000003,,17.299999999999997,27.25,32.7,21.6,,25.25,21.25,15.3
University of South Australia,30.6,45.55,37.6,51.1,53.1,46.75,39.6,,36.35,35.35,
University of South Bohemia in České Budějovice,,,21.5,,,,,38.9,,,
University of South Carolina-Columbia,23.85,38.85,34.3,,36.75,40.0,37.0,32.650000000000006,41.25,31.25,35.85
University of South China,,,21.5,,,13.85,,15.2,,,
University of South Dakota,,,21.5,,,,,26.4,,21.25,
University of South Florida (Tampa),15.85,31.6,37.6,35.15,39.2,36.7,,,45.2,41.2,32.3
University of South Wales,,,,,,,,,,,15.3
University of Southampton,42.75,43.3,45.5,51.1,50.0,59.1,32.3,54.45,61.5,46.55,47.150000000000006
University of Southern California,48.4,64.1,56.9,73.4,72.3,67.4,44.0,60.0,55.05,60.0,68.0
University of Southern Denmark,27.45,45.55,37.6,41.5,32.599999999999994,42.75,,47.15,48.25,38.45,35.85
University of Southern Queensland,,27.05,,,27.25,36.7,,,,21.25,
University of Split,,,30.75,,,13.85,,38.9,32.05,,
University of St Andrews,59.0,48.65,37.6,30.7,,,,57.0,52.6,49.25,47.150000000000006
University of St Gallen,,55.1,,,,,,,,,32.3
University of Stirling,30.6,35.45,30.75,,36.75,,,47.15,41.25,38.45,38.75
University of Strasbourg,15.85,17.200000000000003,40.2,30.7,,36.7,,43.7,52.6,21.25,27.75
University of Strathclyde,23.85,43.3,40.2,35.15,27.25,36.7,32.3,,41.25,21.25,32.3
University of Stuttgart,30.6,,,47.900000000000006,,52.25,,38.9,48.25,,
University of Surrey,30.6,54.0,34.3,51.1,,49.1,21.6,38.9,41.25,43.6,
University of Sussex,35.599999999999994,56.9,,35.15,36.75,,40.6,52.150000000000006,55.05,54.6,67.3
University of Sydney,60.4,52.5,66.3,55.4,58.9,56.9,59.0,65.7,57.8,64.6,52.9
University of Szeged,,,27.55,17.299999999999997,,,,26.4,32.05,,
University of São Paulo,35.599999999999994,38.85,53.1,35.15,47.85,32.7,45.0,50.0,36.35,49.25,38.75
University of Tabriz,,,27.55,25.95,,36.7,,15.2,25.25,,
University of Talca,,,,,,,,15.2,14.15,,
University of Tartu,27.45,38.85,34.3,41.5,27.25,,,50.0,41.25,38.45,32.3
University of Tasmania,23.85,31.6,34.3,30.7,36.75,32.7,37.0,54.45,52.6,31.25,32.3
University of Technology Sydney,30.6,48.65,37.6,56.6,52.9,52.25,49.1,47.15,50.75,,38.75
University of Technology of Compiègne,,,,,,28.8,,,,,
"University of Technology, Iraq",,,,,,13.85,,,14.15,,
University of Tehran,15.85,31.6,,35.15,27.25,42.75,,15.2,25.25,31.25,27.75
University of Texas at Arlington,15.85,27.05,21.5,35.15,27.25,32.7,,26.4,32.05,21.25,15.3
University of Texas at Austin,55.1,64.9,50.6,81.6,75.2,82.6,46.0,65.7,74.3,70.0,69.3
University of Texas at Dallas,23.85,45.55,37.6,41.5,,45.1,,,41.25,,38.75
University of Texas at El Paso,,17.200000000000003,27.55,17.299999999999997,17.950000000000003,32.7,,38.9,25.25,31.25,23.2
University of Thessaly,,,30.75,25.95,17.950000000000003,32.7,,26.4,,,
University of Tlemcen,,,,,,13.85,,,14.15,,
University of Toledo,,27.05,27.55,,27.25,40.0,,26.4,36.35,31.25,23.2
University of Toronto,74.2,71.6,78.9,81.9,77.8,76.9,74.9,83.3,79.6,73.0,73.8
University of Tours,15.85,,30.75,,,13.85,,26.4,25.25,21.25,15.3
University of Toyama,,,21.5,,,13.85,,,14.15,,
University of Trento,30.6,31.6,,51.1,,40.0,,47.15,48.25,35.35,38.75
University of Trieste,15.85,,34.3,,,36.7,,38.9,48.25,31.25,
University of Trás-os-Montes and Alto Douro,,,21.5,,,22.65,,26.4,25.25,,
University of Tsukuba,,,37.6,30.7,36.75,36.7,,38.9,41.25,31.25,32.3
University of Tunis El Manar,,27.05,21.5,17.299999999999997,,22.65,,15.2,14.15,,
University of Turin,27.45,27.05,34.3,35.15,32.599999999999994,,32.3,38.9,41.25,31.25,23.2
University of Turku,23.85,31.6,40.2,38.7,39.2,,,47.15,36.35,38.45,32.3
University of Twente,,48.65,,45.5,,45.1,,,45.2,46.55,53.7
University of Tübingen,63.8,,51.7,47.900000000000006,51.1,,,62.9,48.25,60.9,50.45
University of Udine,,31.6,30.75,30.7,,36.7,,32.650000000000006,,,23.2
University of Ulsan,,,34.3,17.299999999999997,,22.65,,,,,
University of Urbino Carlo Bo,,,,,,,,15.2,45.2,,
University of Utah,23.85,35.45,43.85,41.5,32.599999999999994,40.0,,50.0,45.2,38.45,35.85
University of Valencia,23.85,27.05,34.3,17.299999999999997,17.950000000000003,32.7,37.0,38.9,41.25,31.25,27.75
University of Valladolid,15.85,17.200000000000003,21.5,17.299999999999997,17.950000000000003,22.65,,32.650000000000006,14.15,,15.3
University of Valparaíso,,,21.5,,,,,,25.25,,
"University of Veterinary and Animal Sciences, Lahore",,,,,,,,15.2,,,
University of Victoria,27.45,31.6,30.75,38.7,27.25,42.75,,38.9,50.75,46.55,35.85
University of Vienna,66.1,55.6,,38.7,39.2,,46.4,60.4,57.8,55.6,55.7
University of Vigo,15.85,17.200000000000003,,30.7,17.950000000000003,28.8,,26.4,25.25,,
University of Virginia (Main campus),42.75,57.5,49.8,43.65,66.1,42.75,50.0,50.0,48.25,73.2,47.150000000000006
University of Waikato,23.85,38.85,,,32.599999999999994,32.7,,,32.05,31.25,35.85
University of Warsaw,27.45,17.200000000000003,,35.15,,,,32.650000000000006,41.25,31.25,23.2
University of Warwick,57.9,72.2,47.8,45.5,47.85,52.25,47.5,52.150000000000006,61.5,52.6,56.7
University of Washington,49.3,67.3,74.8,81.5,76.5,66.5,67.1,,80.9,73.8,74.6
University of Waterloo,23.85,43.3,34.3,72.0,,56.5,,43.7,57.8,49.25,44.25
University of West Bohemia,,,,17.299999999999997,,22.65,,,14.15,,
University of Westminster,23.85,17.200000000000003,,,,,,,,,41.75
University of Windsor,,27.05,,35.15,,36.7,,26.4,32.05,31.25,15.3
University of Wisconsin-Madison,59.7,61.9,55.1,67.2,82.8,67.6,37.0,72.6,74.5,70.0,77.8
University of Wisconsin-Milwaukee,15.85,27.05,27.55,25.95,27.25,32.7,,38.9,45.2,21.25,27.75
University of Wollongong,33.25,38.85,34.3,41.5,47.85,56.2,44.6,47.15,52.6,35.35,38.75
University of Wolverhampton,,,,,17.950000000000003,,,,,,32.3
University of Wuppertal,,,,,,36.7,,,41.25,,
University of Würzburg,33.25,,42.2,41.5,,,,58.4,48.25,43.6,
University of Yamanashi,,,21.5,,,13.85,,15.2,,,
University of York,61.6,45.55,43.85,41.5,51.6,,37.0,54.45,45.2,49.25,53.6
University of Zagreb,15.85,17.200000000000003,21.5,17.299999999999997,17.950000000000003,22.65,21.6,15.2,,,15.3
University of Zanjan,,,,,,22.65,,,14.15,,
University of Zaragoza,15.85,,27.55,,,28.8,,26.4,,,15.3
University of Zurich,47.4,61.2,53.0,56.4,51.7,,39.9,65.5,57.8,51.6,58.2
University of the Aegean,,27.05,,30.7,17.950000000000003,,,,25.25,,27.75
"University of the Andes, Colombia",15.85,31.6,27.55,30.7,27.25,22.65,,,32.05,,32.3
"University of the Andes, Venezuela",,,,,,,,,14.15,,
University of the Balearic Islands,15.85,17.200000000000003,27.55,25.95,17.950000000000003,28.8,,32.650000000000006,45.2,21.25,15.3
University of the Basque Country,23.85,17.200000000000003,27.55,25.95,27.25,28.8,21.6,32.650000000000006,36.35,21.25,23.2
University of the Philippines,,,45.5,17.299999999999997,,22.65,,15.2,14.15,,23.2
University of the Punjab,,,,,,22.65,,15.2,14.15,,15.3
University of the Ryukyus,,,21.5,,,13.85,,15.2,14.15,,
University of the Sunshine Coast,,,27.55,,27.25,,,38.9,,,32.3
University of the West of England,15.85,31.6,27.55,25.95,27.25,28.8,,15.2,,35.35,27.75
University of the West of Scotland,,,,,32.599999999999994,,,,48.25,,15.3
University of the Western Cape,23.85,,34.3,,27.25,,,15.2,36.35,,27.75
University of the Witwatersrand,35.599999999999994,31.6,52.7,30.7,36.75,22.65,32.3,38.9,25.25,31.25,44.25
University of Évora,,,,,,,,32.650000000000006,25.25,,
University of Łódź,15.85,17.200000000000003,,,,,,15.2,14.15,,15.3
Università della Svizzera Italiana,,38.85,,45.5,,,,,,,32.3
Université Bourgogne Franche-Comté (UBFC),15.85,17.200000000000003,42.2,25.95,,22.65,,32.650000000000006,25.25,21.25,23.2
Université Catholique de Louvain,46.3,48.65,45.5,45.5,44.3,42.75,,52.150000000000006,57.8,46.55,50.45
Université Hassan II de Casablanca,,,,17.299999999999997,,22.65,,,14.15,,
Université Laval,23.85,31.6,45.5,30.7,17.950000000000003,32.7,37.0,47.15,36.35,31.25,27.75
Université Libre de Bruxelles,30.6,38.85,42.2,35.15,,32.7,,,48.25,35.35,41.75
Université Saint-Joseph de Beyrouth,,,27.55,,,,,,,,
Université de Sherbrooke,,,34.3,38.7,17.950000000000003,32.7,,32.650000000000006,36.35,21.25,
Université de Versailles Saint-Quentin-en-Yvelines,23.85,,34.3,25.95,,28.8,,47.15,48.25,,38.75
Université du Québec,23.85,17.200000000000003,34.3,35.15,27.25,36.7,,38.9,36.35,31.25,27.75
Uppsala University,42.75,38.85,47.8,41.5,41.1,42.75,,74.9,57.8,43.6,56.9
Ural Federal University,23.85,27.05,,17.299999999999997,17.950000000000003,13.85,,,32.05,,15.3
Urmia University,,,,,,22.65,,15.2,14.15,,
Utrecht University,52.2,,53.4,38.7,68.1,,58.8,67.2,62.9,64.5,67.7
Utsunomiya University,,,,,,13.85,,,,,
V.N. Karazin Kharkiv National University,,,,,,13.85,,,14.15,,
VIT University,,17.200000000000003,,35.15,,28.8,,15.2,25.25,,
VSB - Technical University of Ostrava,,17.200000000000003,,17.299999999999997,,13.85,,,14.15,,
Vanderbilt University,30.6,41.45,58.1,38.7,81.3,49.1,44.3,58.9,50.75,64.3,50.45
Verona University,15.85,17.200000000000003,34.3,25.95,,,,38.9,36.35,31.25,
Victoria University,,27.05,30.75,41.5,27.25,46.75,,38.9,,21.25,27.75
Victoria University of Wellington,35.599999999999994,31.6,,35.15,41.1,,37.0,,41.25,49.25,38.75
Vietnam National University (Ho Chi Minh City),,,,17.299999999999997,,22.65,,,14.15,,
"Vietnam National University, Hanoi",,,,,,32.7,,,25.25,,
Vilnius Gediminas Technical University,,35.45,,,,22.65,,,14.15,,32.3
Vilnius University,15.85,17.200000000000003,27.55,,,,,38.9,25.25,,15.3
Virginia Polytechnic Institute and State University,23.85,38.85,,55.1,56.1,60.1,,38.9,41.25,38.45,35.85
Vita-Salute San Raffaele University,,,40.2,,,,,,,21.25,
Volgograd State Technical University,,,,,,13.85,,,,,
Voronezh State University,,,,,,,,,14.15,,
Vrije Universiteit Amsterdam,38.6,48.65,45.5,57.6,41.1,,37.0,52.150000000000006,55.05,65.8,52.8
Vrije Universiteit Brussel,27.45,38.85,40.2,35.15,47.85,42.75,32.3,47.15,41.25,35.35,47.150000000000006
Wageningen University & Research,,,47.8,,,52.25,,86.0,67.1,,59.9
Wake Forest University,15.85,,37.6,,32.599999999999994,40.0,,43.7,36.35,51.9,27.75
Warsaw University of Technology,,,,25.95,,22.65,,,25.25,,
Waseda University,27.45,17.200000000000003,27.55,35.15,32.599999999999994,36.7,,26.4,32.05,31.25,27.75
Washington State University,23.85,41.45,34.3,38.7,27.25,40.0,,43.7,48.25,31.25,35.85
Washington University in St Louis,30.6,55.6,72.5,43.65,,40.0,,77.6,52.6,59.7,54.6
Wayne State University,15.85,27.05,37.6,38.7,27.25,32.7,21.6,26.4,41.25,31.25,23.2
Wenzhou Medical University,,,21.5,,,,,15.2,,,
West University of Timişoara,,,,,,,,,14.15,,
West Virginia University,15.85,17.200000000000003,30.75,43.65,27.25,36.7,,15.2,36.35,31.25,23.2
Western Paraná State University (Unioeste),,,,,,,,15.2,,,
Western Sydney University,35.599999999999994,31.6,40.2,30.7,32.599999999999994,32.7,,47.15,,38.45,35.85
Western University,30.6,45.55,45.5,35.15,41.1,36.7,,38.9,36.35,43.6,35.85
Western Washington University,,,,,,,,,36.35,,15.3
William & Mary,23.85,31.6,,45.5,39.2,,,38.9,50.75,49.25,32.3
Worcester Polytechnic Institute,,45.55,,35.15,,32.7,,,36.35,,
Wrocław University of Science and Technology,,,,17.299999999999997,,13.85,,15.2,14.15,,
Wuhan University,,35.45,42.2,35.15,,49.1,21.6,43.7,50.75,,41.75
Wuhan University of Technology,,17.200000000000003,,17.299999999999997,,32.7,,,32.05,,15.3
Xiamen University,,43.3,30.75,30.7,32.599999999999994,40.0,,38.9,41.25,,23.2
Xiangtan University,,,,25.95,,22.65,,,25.25,,
Xidian University,,,,38.7,,22.65,,,14.15,,
Xi’an Jiaotong University,,31.6,30.75,43.65,,52.25,,32.650000000000006,32.05,,35.85
Yale University,81.8,85.8,77.3,79.9,,84.3,79.3,91.7,88.1,79.5,86.5
Yamagata University,,,21.5,,,13.85,,15.2,14.15,,
Yamaguchi University,,,21.5,,,13.85,,15.2,,,
Yangzhou University,,,21.5,35.15,,28.8,,15.2,25.25,,
Yanshan University,,,,17.299999999999997,,13.85,,,14.15,,
Yasouj University,,,,,,36.7,,,41.25,,
Yazd University,,,,,,13.85,,,14.15,,
Yeditepe University,,,21.5,,,,,,,,
Yeungnam University,,,21.5,41.5,,32.7,,15.2,36.35,,
Yokohama City University,,,30.75,,,,,32.650000000000006,14.15,,
Yokohama National University,,,,17.299999999999997,,22.65,,,,,
Yonsei University (Seoul campus),27.45,43.3,55.3,38.7,47.85,46.75,,38.9,41.25,35.35,35.85
York University,33.25,48.65,,,39.2,36.7,46.8,32.650000000000006,41.25,55.5,38.75
Yuan Ze University,,17.200000000000003,,17.299999999999997,,13.85,,,14.15,,
Yıldız Technical University,,,,17.299999999999997,17.950000000000003,13.85,,,14.15,,
Zagazig University,,,21.5,,,32.7,,15.2,14.15,,
Zhejiang University,38.6,61.6,47.8,71.9,51.7,73.1,,60.2,55.05,31.25,44.25
Zhejiang University of Technology,,,27.55,17.299999999999997,,22.65,,,25.25,,
Åbo Akademi University,,,,,32.599999999999994,28.8,,38.9,25.25,,23.2
École Centrale de Lyon,,,,,,28.8,,,,,
École Normale Supérieure de Lyon,33.25,,,47.900000000000006,,,,52.150000000000006,62.4,,32.3
École Polytechnique,,51.1,,60.2,,52.25,,57.0,79.9,,
École Polytechnique Fédérale de Lausanne,,,,83.1,,85.0,,77.6,85.1,,
École des Mines de Saint-Étienne,,,,,,42.75,,,,,
École des Ponts ParisTech,,,,41.5,,36.7,,,55.05,,41.75
École normale supérieure Paris-Saclay,,27.05,,41.5,,36.7,,,36.35,,27.75
Örebro University,,,34.3,,32.599999999999994,,,38.9,,31.25,27.75
​Shahid Chamran University of Ahvaz,,,,,,22.65,,15.2,14.15,,
