University,Country,PCP,Alumni,Award,PUB,N&S,Hi Ci,World rank integer
The University of Melbourne,Australia,33.6,16.8,13.1,72.3,21.4,42.8,38
King's College London,United Kingdom,27.5,20.9,20.8,57.9,20.6,30.3,56
Mayo Medical School,United States,35.9,0.0,0.0,51.3,13.8,50.7,81
Tohoku University,Japan,21.6,14.4,0.0,52.1,18.2,16.6,101
Kyushu University,Japan,19.0,0.0,0.0,46.5,12.6,9.6,201
The University of Georgia,United States,18.3,0.0,0.0,44.8,17.6,13.5,201
University of Bergen,Norway,21.3,0.0,0.0,39.1,14.7,9.6,201
University of Mainz,Germany,21.1,0.0,7.6,38.1,18.7,0.0,201
Shandong University,China,14.2,0.0,0.0,60.5,2.1,0.0,301
University of Bochum,Germany,19.6,0.0,0.0,36.4,9.6,13.5,301
University of Oregon,United States,18.2,8.8,0.0,28.4,11.6,9.6,301
University of the Basque Country,Spain,16.6,0.0,0.0,38.1,12.2,9.6,301
National Tsing Hua University,"Taiwan, China",20.5,12.4,0.0,30.6,9.2,0.0,401
University of New Hampshire - Durham,United States,18.0,0.0,0.0,23.1,11.5,13.5,401
University of Toronto,Canada,31.7,19.7,17.0,83.1,38.9,35.8,23
Technical University Munich,Germany,35.5,36.6,21.3,53.6,25.2,25.3,48
Rice University,United States,38.6,16.1,21.4,32.4,19.7,35.8,70
KU Leuven,Belgium,31.2,0.0,0.0,60.9,22.4,33.2,86
"Rutgers, The State University of New Jersey - New Brunswick",United States,16.9,10.2,18.6,43.8,25.3,21.4,101
The University of Hong Kong,China,29.1,0.0,0.0,49.9,14.4,33.2,101
The University of New South Wales,Australia,28.2,0.0,0.0,64.5,19.4,23.5,101
University of Bern,Switzerland,33.5,12.4,0.0,45.0,23.7,28.7,101
Tel Aviv University,Israel,27.4,0.0,0.0,51.8,18.8,9.6,151
Deakin University,Australia,25.8,0.0,0.0,41.2,9.2,23.5,201
University of Innsbruck,Austria,27.4,0.0,9.3,27.0,18.4,19.2,201
University of Lorraine,France,14.0,11.4,16.1,36.1,11.7,9.6,201
University of Tennessee - Knoxville,United States,21.0,10.2,0.0,42.9,13.9,13.5,201
Paris Dauphine University (Paris 9),France,29.3,20.3,26.3,14.3,0.0,0.0,301
Beijing University of Chemical Technology,China,15.1,0.0,0.0,33.0,1.5,9.6,401
University of Western Sydney,Australia,20.9,0.0,0.0,31.4,7.6,9.6,401
Vita-Salute San Raffaele University,Italy,35.3,0.0,0.0,19.8,7.5,9.6,401
Northwestern University,United States,31.7,15.2,27.6,62.2,33.3,48.8,25
Monash University,Australia,29.7,0.0,0.0,64.6,23.1,28.7,91
University of Goettingen,Germany,27.4,30.5,14.7,39.0,22.1,21.4,99
Michigan State University,United States,19.3,8.8,0.0,54.8,22.0,21.4,101
University of Warwick,United Kingdom,26.8,13.4,29.4,43.8,16.6,9.6,101
Catholic University of Louvain,Belgium,27.1,10.2,13.1,35.7,9.9,19.2,151
TU Dresden,Germany,25.1,0.0,0.0,43.2,17.5,21.4,151
University of Massachusetts Amherst,United States,23.2,13.4,0.0,38.5,15.7,25.3,151
Queen's University,Canada,23.1,0.0,20.8,35.0,9.3,0.0,201
Virginia Polytechnic Institute and State University,United States,18.5,11.4,0.0,43.9,12.2,9.6,201
Autonomous University of Barcelona,Spain,22.7,0.0,0.0,47.8,11.2,0.0,301
The University of Texas at Dallas,United States,22.6,13.4,0.0,29.3,10.4,9.6,301
Brigham Young University,United States,13.4,8.8,0.0,27.5,8.3,9.6,401
Federal University of Minas Gerais,Brazil,19.9,0.0,0.0,40.6,2.1,0.0,401
Umea University,Sweden,18.0,0.0,0.0,35.2,11.4,0.0,401
University of Ferrara,Italy,22.2,0.0,0.0,26.6,6.2,9.6,401
University of Milan - Bicocca,Italy,23.1,0.0,0.0,33.6,5.5,9.6,401
"University of Science, Malaysia",Malaysia,16.2,0.0,0.0,28.7,0.0,16.6,401
University of Valencia,Spain,16.4,0.0,0.0,44.3,5.7,0.0,401
"University of California, Berkeley",United States,58.2,65.6,78.4,65.1,67.8,61.3,5
"University of California, San Francisco",United States,32.0,0.0,39.4,63.2,50.9,35.8,21
The Australian National University,Australia,31.7,13.4,19.0,48.0,23.9,23.5,69
Nagoya University,Japan,25.0,28.7,25.0,46.2,18.8,16.6,83
University of Basel,Switzerland,36.3,23.3,16.1,40.5,27.1,13.5,96
Case Western Reserve University,United States,24.7,32.5,10.7,40.5,15.8,19.2,101
Norwegian University of Science and Technology - NTNU,Norway,20.5,13.4,20.8,42.2,13.8,19.2,101
University of Wageningen,Netherlands,35.1,0.0,0.0,42.0,16.6,28.7,101
The University of Calgary,Canada,20.8,0.0,0.0,48.3,14.5,19.2,151
University of Cologne,Germany,22.9,0.0,11.4,39.7,20.0,9.6,151
City University of Hong Kong,China,27.1,0.0,0.0,41.2,6.1,25.3,201
James Cook University,Australia,27.9,0.0,0.0,29.5,14.9,16.6,201
Macquarie University,Australia,26.6,0.0,0.0,39.3,13.1,16.6,201
University of Hawaii at Manoa,United States,21.6,0.0,0.0,35.9,20.8,19.2,201
"University of Maryland, Baltimore",United States,17.2,0.0,0.0,38.8,12.4,16.6,201
ESPCI ParisTech,France,33.2,7.2,18.6,15.9,13.8,0.0,301
Griffith University,Australia,22.5,0.0,0.0,41.8,9.2,0.0,301
City University of New York City College,United States,19.2,30.9,0.0,16.5,10.4,0.0,401
University of Graz,Austria,19.0,7.2,9.3,21.5,8.1,0.0,401
University of Rostock,Germany,14.5,0.0,0.0,26.3,9.6,9.6,401
Swiss Federal Institute of Technology Zurich,Switzerland,47.5,29.2,35.1,58.7,49.9,33.2,19
"University of Pittsburgh, Pittsburgh Campus",United States,18.9,18.3,0.0,62.0,18.1,33.2,90
The Hebrew University of Jerusalem,Israel,28.1,31.7,27.9,39.0,17.9,13.5,95
Delft University of Technology,Netherlands,24.8,11.4,0.0,43.2,18.2,13.5,151
Hokkaido University,Japan,20.1,11.4,16.1,44.8,11.0,9.6,151
University of Ottawa,Canada,22.3,0.0,0.0,46.8,17.8,13.5,151
Claude Bernard University Lyon 1,France,19.9,10.2,0.0,43.2,19.9,9.6,201
Iowa State University,United States,20.6,0.0,0.0,42.0,9.1,23.5,201
Newcastle University,United Kingdom,20.9,0.0,0.0,42.2,17.0,13.5,201
The Hong Kong University of Science and Technology,China,27.7,0.0,0.0,34.1,8.8,21.4,201
Wuhan University,China,14.5,0.0,0.0,57.4,5.7,9.6,201
Lanzhou University,China,15.0,0.0,0.0,42.5,5.6,9.6,301
University of Connecticut,United States,14.5,11.4,0.0,37.8,12.5,0.0,301
University of Fribourg,Switzerland,22.7,0.0,0.0,21.3,8.1,21.4,301
University of Otago,New Zealand,21.2,0.0,0.0,36.4,8.3,9.6,301
Yeshiva University,United States,22.6,0.0,0.0,32.2,23.6,0.0,301
Jagiellonian University,Poland,19.0,10.2,0.0,37.9,5.4,0.0,401
Karolinska Institute,Sweden,48.6,25.4,26.3,56.6,24.9,25.3,44
King Saud University,Saudi Arabia,18.2,0.0,0.0,47.8,3.9,44.9,101
Seoul National University,"Korea, Republic of",24.5,0.0,0.0,72.2,15.9,16.6,101
Shanghai Jiao Tong University,China,23.6,0.0,0.0,79.4,13.0,16.6,101
University of Leeds,United Kingdom,22.8,16.8,0.0,46.8,19.5,27.1,101
University of Strasbourg,France,22.1,28.3,33.1,37.5,17.1,0.0,101
"University of California, Riverside",United States,25.7,12.4,0.0,35.5,16.7,27.1,151
KTH Royal Institute of Technology,Sweden,28.5,0.0,14.7,40.8,13.8,0.0,201
The University of Auckland,New Zealand,20.4,13.4,0.0,45.0,9.0,16.6,201
University of Leicester,United Kingdom,20.8,0.0,0.0,32.1,16.8,13.5,201
University of Missouri - Columbia,United States,16.4,8.8,0.0,39.6,11.0,13.5,201
National and Kapodistrian University of Athens,Greece,20.0,0.0,0.0,38.3,5.1,13.5,301
Temple University,United States,13.3,0.0,0.0,37.3,11.0,9.6,301
University of Belgrade,Serbia,22.3,0.0,0.0,43.4,4.3,13.5,301
University of South Carolina - Columbia,United States,16.2,0.0,0.0,37.4,9.4,9.6,301
Beijing Institute of Technology,China,14.0,0.0,0.0,42.5,1.5,0.0,401
Stellenbosch University,South Africa,17.4,0.0,0.0,34.0,3.9,9.6,401
University of Munich,Germany,34.9,28.3,18.9,53.3,30.6,23.5,53
University of Bristol,United Kingdom,28.6,7.2,16.1,48.4,30.0,23.5,74
Aix Marseille University,France,19.7,13.4,0.0,54.3,24.5,23.5,101
Brown University,United States,33.0,14.4,19.7,46.1,20.5,9.6,101
University of Liverpool,United Kingdom,25.7,16.8,13.1,46.3,20.7,16.6,101
University of Nottingham,United Kingdom,22.2,11.4,19.7,48.8,13.4,21.4,101
Weizmann Institute of Science,Israel,25.4,17.6,16.1,28.3,36.1,13.5,101
Oregon Health and Science University,United States,21.3,0.0,0.0,37.2,24.3,16.6,151
Sungkyunkwan University,"Korea, Republic of",22.4,0.0,0.0,51.4,13.1,16.6,151
The University of Glasgow,United Kingdom,23.5,7.2,0.0,44.2,19.2,21.4,151
University of Virginia,United States,19.1,0.0,0.0,46.1,24.6,19.2,151
China Medical University (Taichung),China,31.0,0.0,0.0,33.2,2.6,30.3,201
University of Illinois at Chicago,United States,18.3,0.0,0.0,45.5,13.0,13.5,201
University of the Witwatersrand,South Africa,21.8,18.3,0.0,38.9,10.7,13.5,201
University of Kentucky,United States,17.7,10.2,0.0,41.8,12.1,0.0,301
University of Pavia,Italy,23.2,0.0,0.0,33.1,4.1,16.6,301
University of Surrey,United Kingdom,23.2,0.0,0.0,30.5,4.6,16.6,301
University of York,United Kingdom,20.8,0.0,0.0,35.2,12.9,9.6,301
Capital Medical University,China,25.9,0.0,0.0,44.0,2.8,0.0,401
East China Normal University,China,12.5,0.0,0.0,36.5,6.1,9.6,401
Istanbul University,Turkey,18.2,18.3,0.0,34.7,3.0,0.0,401
Shanghai University,China,12.0,0.0,0.0,41.3,4.9,0.0,401
Washington University in St. Louis,United States,38.6,22.7,24.6,53.8,42.3,55.0,20
"University of Minnesota, Twin Cities",United States,23.7,29.2,16.1,67.5,31.2,34.5,37
University of Oslo,Norway,28.6,27.8,32.2,54.9,17.2,13.5,62
Stockholm University,Sweden,27.4,23.8,27.1,43.8,22.1,16.6,77
University of Southampton,United Kingdom,25.9,0.0,0.0,49.4,22.5,27.1,101
Pompeu Fabra University,Spain,39.4,0.0,0.0,28.5,20.1,13.5,201
University of Miami,United States,20.7,0.0,0.0,42.0,13.6,16.6,201
University College Dublin,Ireland,19.6,0.0,0.0,36.8,8.3,13.5,301
University of Guelph,Canada,20.3,0.0,0.0,32.0,9.8,16.6,301
University of St Andrews,United Kingdom,23.2,10.2,0.0,31.4,17.8,0.0,301
Wuhan University of Technology,China,11.3,0.0,0.0,35.2,4.7,21.4,301
Cairo University,Egypt,18.8,19.0,0.0,35.9,2.6,0.0,401
Heriot-Watt University,United Kingdom,20.3,0.0,0.0,23.0,5.0,13.5,401
Oklahoma State University,United States,16.6,0.0,0.0,30.2,4.9,9.6,401
Technical University Darmstadt,Germany,15.9,14.4,0.0,29.1,10.6,0.0,401
University of Aveiro,Portugal,21.7,0.0,0.0,30.8,3.6,9.6,401
"University of California, San Diego",United States,35.9,19.0,35.1,65.4,53.0,53.3,15
Technion-Israel Institute of Technology,Israel,28.8,23.3,37.2,32.1,20.6,19.2,77
University of Muenster,Germany,22.9,19.0,13.1,35.8,17.0,16.6,151
Xian Jiaotong University,China,17.0,0.0,0.0,61.1,9.3,9.6,151
Korea Advanced Institute of Science and Technology,"Korea, Republic of",28.2,0.0,0.0,40.7,14.0,16.6,201
University of Bologna,Italy,19.7,0.0,0.0,50.0,8.2,19.2,201
Eindhoven University of Technology,Netherlands,23.0,0.0,0.0,31.8,8.7,13.5,301
Nanjing Agricultural University,China,14.3,0.0,0.0,35.5,9.2,9.6,301
University of Campinas,Brazil,22.3,0.0,0.0,45.2,5.7,0.0,301
Chongqing University,China,12.8,0.0,0.0,43.0,0.0,9.6,401
MINES ParisTech,France,13.7,13.4,24.6,8.9,3.9,0.0,401
Peking Union Medical College,China,17.7,0.0,0.0,39.4,10.1,0.0,401
Pohang University of Science and Technology,"Korea, Republic of",30.5,0.0,0.0,30.1,14.5,0.0,401
Rush University,United States,16.5,0.0,0.0,26.9,3.6,16.6,401
Waseda University,Japan,11.6,0.0,0.0,29.5,6.8,9.6,401
Texas A&M University,United States,18.7,0.0,0.0,55.1,16.6,21.4,151
The Chinese University of Hong Kong,"Hong Kong, China",26.2,0.0,13.9,46.9,11.6,13.5,151
Beijing Normal University,China,16.4,15.2,0.0,43.8,7.9,13.5,201
Central South University,China,16.5,0.0,0.0,59.8,4.9,13.5,201
Laval University,Canada,18.4,0.0,0.0,39.2,10.5,16.6,201
Sapienza University of Rome,Italy,18.9,11.4,13.1,51.2,8.7,0.0,201
Stony Brook University,United States,17.0,0.0,0.0,38.7,21.0,0.0,301
The University of Texas Health Science Center at San Antonio,United States,18.4,0.0,0.0,24.4,7.7,21.4,301
University of Chile,Chile,18.8,7.2,0.0,36.5,11.0,0.0,301
University of Vermont,United States,15.7,13.4,0.0,27.7,10.3,9.6,301
Bielefeld University,Germany,14.5,0.0,0.0,24.7,9.2,13.5,401
University of Ljubljana,Slovenia,15.1,0.0,0.0,35.3,8.3,0.0,401
University of Wisconsin - Madison,United States,24.3,32.5,34.3,65.0,32.3,30.3,28
Ecole Normale Superieure - Paris,France,84.8,48.4,27.6,30.3,18.8,0.0,64
Carnegie Mellon University,United States,30.1,31.3,31.2,35.6,12.3,21.4,91
Osaka University,Japan,21.7,8.8,0.0,52.5,21.6,27.1,101
University of Montreal,Canada,23.9,11.4,0.0,52.9,16.2,19.2,101
South China University of Technology,China,15.9,0.0,0.0,50.6,3.0,16.6,201
University of Aberdeen,United Kingdom,22.7,0.0,13.1,31.6,11.1,13.5,201
University of Tsukuba,Japan,17.4,0.0,19.3,37.8,13.6,0.0,201
Aalto University,Finland,18.4,0.0,0.0,34.6,11.0,9.6,301
Boston College,United States,17.8,0.0,0.0,23.5,16.8,13.5,301
Nankai University,China,15.0,0.0,0.0,40.6,3.9,16.6,301
University of Technology Sydney,Australia,21.9,0.0,0.0,35.3,6.0,13.5,301
Huazhong Agricultural University,China,14.0,0.0,0.0,32.2,6.5,13.5,401
Novosibirsk State University,Russian Federation,17.5,13.4,0.0,33.9,5.7,0.0,401
Princeton University,United States,73.3,55.8,97.9,44.2,47.1,44.9,6
University of Oxford,United Kingdom,46.8,50.8,54.2,77.1,52.6,61.3,7
University of Pennsylvania,United States,39.7,31.3,33.4,69.7,41.7,46.9,16
University of Copenhagen,Denmark,42.9,21.5,18.6,67.8,37.6,33.2,29
University of Southern California,United States,24.6,0.0,31.3,55.1,20.4,31.8,60
National University of Singapore,Singapore,35.5,0.0,0.0,62.1,22.4,30.3,85
The University of Hong Kong,"Hong Kong, China",29.1,0.0,0.0,49.9,14.4,33.2,101
University of Alberta,Canada,23.9,11.4,0.0,57.7,17.4,16.6,101
Université libre de Bruxelles (ULB),Belgium,32.0,19.7,26.3,34.6,14.6,0.0,151
University of Lisbon,Portugal,26.0,0.0,8.0,50.1,12.5,9.6,151
King Abdullah University of Science and Technology,Saudi Arabia,21.2,0.0,0.0,30.8,14.0,27.1,201
"The University of Newcastle, Australia",Australia,25.4,0.0,0.0,37.7,5.7,13.5,301
Tongji University,China,16.2,0.0,0.0,54.2,9.8,0.0,301
University of Duesseldorf,Germany,17.9,11.4,0.0,32.7,10.9,9.6,301
Aristotle University of Thessaloniki,Greece,17.4,0.0,0.0,34.2,2.1,9.6,401
Federal University of Rio Grande do Sul,Brazil,20.3,0.0,0.0,41.2,5.6,0.0,401
Kobe University,Japan,16.3,14.4,0.0,32.9,10.5,0.0,401
University of Canterbury,New Zealand,23.2,0.0,0.0,25.7,6.3,13.5,401
University of Palermo,Italy,17.0,0.0,0.0,30.6,6.8,9.6,401
New York University,United States,20.8,29.6,31.5,60.6,39.5,25.3,32
The University of Edinburgh,United Kingdom,28.7,27.3,24.6,55.9,30.9,42.8,32
Utrecht University,Netherlands,29.3,22.7,19.7,50.1,26.5,35.8,51
University of Amsterdam,Netherlands,28.5,5.1,0.0,52.0,19.6,25.3,101
Chalmers University of Technology,Sweden,24.2,0.0,0.0,32.0,11.8,16.6,201
Dartmouth College,United States,22.2,17.6,0.0,26.7,13.4,16.6,201
Jilin University,China,13.3,0.0,0.0,58.3,7.4,13.5,201
Queensland University of Technology,Australia,23.4,0.0,0.0,38.5,5.7,21.4,201
University of Alabama at Birmingham,United States,15.9,0.0,0.0,43.4,9.2,16.6,201
RMIT University,Australia,20.7,0.0,0.0,34.6,5.9,13.5,301
Yonsei University,"Korea, Republic of",20.5,0.0,0.0,54.9,5.9,0.0,301
"National University of Ireland, Galway",Ireland,13.8,0.0,0.0,23.8,6.7,13.5,401
Northeastern University (Shenyang),China,11.4,0.0,0.0,37.4,0.0,9.6,401
Thomas Jefferson University,United States,28.4,0.0,0.0,28.4,4.5,9.6,401
Wayne State University,United States,15.3,0.0,0.0,36.6,5.4,9.6,401
Arizona State University,United States,22.9,0.0,19.7,47.1,21.9,16.6,101
University Paris Diderot - Paris 7,France,24.7,11.4,9.3,47.2,27.9,16.6,101
Queen Mary University of London,United Kingdom,24.0,17.6,0.0,39.3,17.4,19.2,151
Georgetown University,United States,23.8,0.0,0.0,33.0,6.0,27.1,201
University of Granada,Spain,16.3,0.0,0.0,40.8,4.2,23.5,201
University of Naples Federico II,Italy,19.4,0.0,0.0,46.8,6.6,9.6,201
China Agricultural University,China,15.5,0.0,0.0,37.8,12.2,9.6,301
The University of Texas Health Science Center at Houston,United States,15.3,0.0,15.2,34.4,13.6,0.0,301
"University at Buffalo, the State University of New York",United States,16.4,0.0,0.0,39.3,11.2,9.6,301
University of Duisburg-Essen,Germany,18.3,0.0,0.0,33.3,10.4,13.5,301
University of Southern Denmark,Denmark,21.3,0.0,0.0,41.0,10.9,9.6,301
Kansas State University,United States,17.7,0.0,0.0,31.4,12.3,0.0,401
NanJing Tech University,China,13.7,0.0,0.0,32.5,2.1,13.5,401
University of Halle-Wittenberg,Germany,15.1,0.0,6.6,26.9,9.4,9.6,401
University of Wisconsin-Milwaukee,United States,16.2,10.2,0.0,25.6,9.7,9.6,401
University of Wyoming,United States,17.9,0.0,0.0,24.1,11.3,9.6,401
Utah State University,United States,16.8,13.4,0.0,26.4,8.4,9.6,401
University College London,United Kingdom,32.6,27.8,35.8,78.8,39.0,41.8,17
Sorbonne University,France,26.2,33.3,27.1,64.7,29.9,25.3,36
The University of Queensland,Australia,34.9,12.4,0.0,66.8,26.6,37.1,55
Leiden University,Netherlands,33.0,17.6,9.3,51.9,20.6,28.7,74
Pennsylvania State University - University Park,United States,24.6,10.2,0.0,55.1,28.7,34.5,74
Oregon State University,United States,23.8,10.2,0.0,38.8,21.9,19.2,151
Dalian University of Technology,China,15.7,0.0,0.0,47.5,7.3,13.5,201
Swedish University of Agricultural Sciences,Sweden,30.7,0.0,0.0,30.7,14.7,13.5,201
The University of Reading,United Kingdom,23.7,0.0,0.0,29.0,11.5,23.5,201
University of Colorado at Denver,United States,13.0,0.0,0.0,32.3,14.4,23.5,201
University of Montpellier,France,19.2,10.2,0.0,40.6,18.7,9.6,201
Simon Fraser University,Canada,20.2,0.0,0.0,35.7,11.7,9.6,301
The University of New Mexico - Albuquerque,United States,15.8,0.0,0.0,34.8,16.4,9.6,301
University of Porto,Portugal,18.9,0.0,0.0,44.6,11.8,0.0,301
Vienna University of Technology,Austria,26.4,0.0,0.0,29.2,15.1,9.6,301
Flinders University,Australia,23.9,15.2,0.0,30.9,6.9,0.0,401
Kent State University,United States,15.6,0.0,0.0,24.0,9.3,13.5,401
Medical University of Innsbruck,Austria,23.1,0.0,0.0,22.6,7.1,9.6,401
Stanford University,United States,56.0,44.5,88.5,76.5,78.6,76.6,2
University of Chicago,United States,44.2,59.2,90.1,52.0,42.5,35.8,10
The University of Texas at Austin,United States,29.2,20.9,16.1,58.6,36.4,38.3,40
Uppsala University,Sweden,29.5,17.6,27.1,53.5,23.9,16.6,63
Purdue University - West Lafayette,United States,23.7,13.4,22.8,53.2,23.1,19.2,70
Nanyang Technological University,Singapore,33.5,0.0,0.0,55.2,19.2,35.8,96
University of Arizona,United States,23.5,14.4,0.0,50.3,27.2,23.5,101
University of Lausanne,Switzerland,24.0,12.4,17.0,34.9,22.5,16.6,101
Trinity College Dublin,Ireland,21.6,15.2,13.1,33.5,16.2,16.6,151
Tufts University,United States,25.1,18.3,16.1,35.6,12.5,16.6,151
University of Wuerzburg,Germany,21.4,19.0,0.0,32.2,15.5,21.4,151
Charles University in Prague,Czech Republic,19.9,8.8,0.0,46.9,8.9,13.5,201
Queen's University,United Kingdom,23.1,0.0,20.8,35.0,9.3,0.0,201
The George Washington University,United States,19.5,11.4,0.0,37.9,10.9,9.6,201
The Hong Kong Polytechnic University,China,26.9,0.0,0.0,44.8,3.9,23.5,201
The Hong Kong University of Science and Technology,"Hong Kong, China",27.7,0.0,0.0,34.1,8.8,21.4,201
University of Kansas,United States,16.3,17.6,0.0,41.9,11.2,13.5,201
University of Kiel,Germany,19.8,10.2,13.1,31.5,12.2,16.6,201
Ecole Normale Superieure - Lyon,France,35.6,0.0,19.7,24.4,6.6,0.0,301
Ulsan National Institute of Science and Technology,"Korea, Republic of",26.8,0.0,0.0,19.2,7.3,21.4,301
University of Manitoba,Canada,18.6,0.0,0.0,36.8,7.3,16.6,301
University of Tartu,Estonia,17.5,0.0,0.0,26.1,11.5,21.4,301
University of Victoria,Canada,22.5,0.0,0.0,31.0,12.6,16.6,301
University of Kent,United Kingdom,17.6,13.4,0.0,27.4,9.4,0.0,401
University of Parma,Italy,18.5,0.0,0.0,26.1,3.5,13.5,401
California Institute of Technology,United States,100.0,53.5,67.5,45.0,57.6,34.5,9
Cornell University,United States,43.4,43.1,49.1,61.6,47.3,46.9,12
Imperial College London,United Kingdom,39.1,14.4,35.4,67.7,31.0,35.8,24
University of Colorado at Boulder,United States,35.0,12.4,33.6,48.5,37.4,31.8,38
Erasmus University Rotterdam,Netherlands,40.2,0.0,14.7,36.4,14.6,48.8,79
Moscow State University,Russian Federation,33.7,40.9,32.6,52.5,9.7,0.0,86
The University of Adelaide,Australia,30.4,14.4,0.0,46.4,15.5,25.3,101
Nanjing University,China,20.2,0.0,0.0,59.4,11.5,13.5,151
Polytechnic Institute of Milan,Italy,20.3,7.2,14.7,35.0,5.4,9.6,201
University of Ulm,Germany,19.9,0.0,0.0,31.8,13.6,21.4,201
East China University of Science and Technology,China,14.1,0.0,0.0,37.1,3.8,13.5,301
Hannover Medical School,Germany,17.1,0.0,0.0,30.8,9.5,13.5,301
Keio University,Japan,15.2,0.0,0.0,35.4,12.6,9.6,301
Swinburne University of Technology,Australia,25.2,0.0,0.0,26.5,9.7,13.5,301
Brunel University,United Kingdom,18.4,0.0,0.0,24.1,3.3,16.6,401
Mississippi State University,United States,15.9,0.0,0.0,25.0,5.1,13.5,401
Saint Louis University,United States,13.4,0.0,11.4,26.5,5.5,9.6,401
University of Cambridge,United Kingdom,59.5,82.3,95.4,70.9,57.6,56.7,3
University of Michigan-Ann Arbor,United States,25.0,34.1,0.0,80.8,41.0,41.8,27
University of British Columbia,Canada,26.7,15.2,18.6,66.6,29.6,34.5,43
Tsinghua University,China,24.1,10.2,0.0,74.6,38.4,37.1,45
Heidelberg University,Germany,35.6,19.7,25.0,53.6,27.7,28.7,47
Ghent University,Belgium,36.7,5.1,13.1,59.1,17.5,39.5,61
"University of California, Davis",United States,23.6,0.0,0.0,59.3,30.5,25.3,96
Colorado State University,United States,19.5,0.0,0.0,38.9,16.9,9.6,201
Medical University of Vienna,Austria,21.5,8.8,9.3,35.5,11.8,13.5,201
RWTH Aachen University,Germany,23.2,0.0,0.0,44.9,7.1,13.5,201
University of Wollongong,Australia,26.5,0.0,0.0,36.3,12.4,19.2,201
Indiana University-Purdue University at Indianapolis,United States,14.9,0.0,0.0,40.0,12.9,9.6,301
Okayama University,Japan,14.3,0.0,0.0,29.6,12.0,13.5,301
University of Jena,Germany,18.1,0.0,0.0,31.9,12.8,13.5,301
University of North Texas,United States,19.0,0.0,0.0,27.8,4.6,19.2,301
Victoria University of Wellington,New Zealand,19.9,11.4,0.0,26.3,11.0,9.6,301
Indian Institute of Science,India,20.2,0.0,0.0,41.3,0.0,0.0,401
University College Cork,Ireland,15.4,0.0,0.0,26.7,3.3,16.6,401
The University of Tokyo,Japan,29.8,38.3,25.0,72.8,46.0,25.3,22
McMaster University,Canada,30.8,12.4,18.6,46.3,11.3,34.5,86
Cardiff University,United Kingdom,25.3,0.0,16.1,43.7,18.0,23.5,101
Emory University,United States,21.8,0.0,0.0,54.8,25.3,19.2,101
King Abdulaziz University,Saudi Arabia,16.6,0.0,0.0,46.7,12.4,43.9,101
Harbin Institute of Technology,China,15.6,0.0,0.0,58.6,8.7,21.4,151
Huazhong University of Science and Technology,China,17.1,0.0,0.0,63.3,8.3,9.6,151
Université Grenoble Alpes,France,20.5,0.0,14.7,47.0,24.2,0.0,151
University of Tuebingen,Germany,24.7,22.1,0.0,43.1,18.9,9.6,151
Soochow University (China),China,14.4,0.0,0.0,48.1,7.8,19.2,201
University of Tasmania,Australia,26.6,0.0,0.0,34.3,11.8,16.6,201
University of Turin,Italy,21.5,15.2,0.0,43.2,8.1,16.6,201
Virginia Commonwealth University,United States,15.5,10.2,13.9,36.9,5.7,16.6,201
Nanjing University of Science and Technology,China,13.3,0.0,0.0,36.6,8.1,9.6,301
Northwestern Polytechnical University,China,14.7,0.0,0.0,42.5,3.1,13.5,301
University of Turku,Finland,19.2,0.0,0.0,35.3,10.3,13.5,301
Nanjing University of Aeronautics and Astronautics,China,13.6,0.0,0.0,35.6,0.0,13.5,401
University of Minho,Portugal,16.6,0.0,0.0,30.0,3.5,9.6,401
University of Santiago Compostela,Spain,15.7,0.0,0.0,32.3,6.3,13.5,401
Sun Yat-sen University,"Taiwan, China",18.0,0.0,0.0,65.3,12.6,21.4,101
University of Science and Technology of China,China,26.2,0.0,0.0,60.6,20.4,21.4,101
Sichuan University,China,14.5,0.0,0.0,61.7,9.2,13.5,151
University of Exeter,United Kingdom,26.9,0.0,0.0,39.1,18.7,30.3,151
University of Leipzig,Germany,20.7,11.4,13.1,35.7,10.3,13.5,151
Paul Sabatier University (Toulouse 3),France,17.3,0.0,0.0,37.1,18.9,13.5,201
University of South Florida,United States,18.2,0.0,0.0,39.2,9.5,16.6,201
University of Cape Town,South Africa,21.2,18.3,0.0,39.7,11.8,0.0,301
University of Duisburg-Essen,Finland,18.3,0.0,0.0,33.3,10.4,13.5,301
Washington State University,United States,18.2,0.0,0.0,33.1,8.5,9.6,301
University of Montana - Missoula,United States,17.0,5.1,0.0,17.9,9.3,13.5,401
University of Science and Technology Beijing,China,14.6,0.0,0.0,39.4,6.1,0.0,401
University of Washington,United States,31.4,24.9,37.4,75.9,49.1,54.2,14
Duke University,United States,25.5,15.2,19.0,63.9,35.6,55.9,26
McGill University,Canada,26.8,32.5,0.0,62.1,25.8,19.2,70
University of Birmingham,United Kingdom,22.9,18.3,9.3,47.8,14.7,19.2,101
Beihang University,China,16.4,0.0,0.0,49.7,6.8,16.6,201
Florida State University,United States,20.2,0.0,0.0,39.3,15.3,13.5,201
George Mason University,United States,19.4,0.0,31.5,29.5,6.1,0.0,201
University of East Anglia,United Kingdom,24.9,19.0,0.0,30.5,16.4,13.5,201
University of Notre Dame,United States,20.8,12.4,0.0,32.8,14.5,16.6,201
Drexel University,United States,21.8,0.0,0.0,31.4,9.7,19.2,301
Amirkabir University of Technology,"Iran, Islamic Rep. of",17.4,0.0,0.0,33.0,0.0,13.5,401
Catholic University of Chile,Chile,17.2,0.0,0.0,34.0,9.1,0.0,401
University of Bath,United Kingdom,20.5,0.0,0.0,32.3,10.9,0.0,401
University of Zurich,Switzerland,33.8,5.1,23.7,54.0,29.4,30.3,54
Peking University,China,22.6,11.4,0.0,70.7,29.5,34.5,57
Aarhus University,Denmark,33.4,11.4,21.8,56.6,23.3,19.2,65
University of Utah,United States,28.3,0.0,11.4,51.6,24.6,19.2,101
London School of Hygiene & Tropical Medicine,United Kingdom,35.4,7.2,0.0,35.2,10.0,27.1,151
University of Hamburg,Germany,23.9,11.4,0.0,39.1,22.6,16.6,151
Northeastern University (Boston),United States,22.5,0.0,0.0,33.9,18.7,13.5,201
Tianjin University,China,17.7,0.0,0.0,58.2,9.3,0.0,201
University of Bordeaux,France,18.1,0.0,0.0,41.2,17.2,13.5,201
University of Delaware,United States,19.0,10.2,16.1,33.3,10.4,9.6,201
University of Electronic Science and Technology of China,China,16.1,0.0,0.0,42.0,4.3,30.3,201
University of Houston,United States,21.5,0.0,0.0,40.1,12.0,13.5,201
Autonomous University of Madrid,Spain,19.5,0.0,0.0,40.3,12.8,9.6,301
Federal University of Rio de Janeiro,Brazil,21.2,0.0,0.0,42.2,10.0,0.0,301
Kyung Hee University,"Korea, Republic of",17.3,0.0,0.0,40.7,4.8,13.5,301
La Trobe University,Australia,26.2,0.0,0.0,34.3,8.5,13.5,301
National Cheng Kung University,"Taiwan, China",17.0,0.0,0.0,37.8,6.9,9.6,301
Saint Petersburg State University,Russian Federation,20.2,26.4,0.0,36.4,5.7,0.0,301
University of Central Florida,United States,18.0,0.0,0.0,33.0,10.5,9.6,301
University of Cincinnati,United States,15.1,0.0,0.0,41.0,10.7,9.6,301
University of Saskatchewan,Canada,18.8,8.8,0.0,34.2,6.6,13.5,301
University of Tehran,"Iran, Islamic Rep. of",22.1,12.4,0.0,44.3,1.5,0.0,301
West Virginia University,United States,11.9,0.0,0.0,31.5,8.0,9.6,401
University of Illinois at Urbana-Champaign,United States,28.0,29.6,35.8,57.8,31.8,19.2,41
University of Helsinki,Finland,34.2,18.3,20.8,54.6,21.7,28.7,57
University of Florida,United States,24.8,16.8,0.0,63.6,18.9,28.7,86
Radboud University Nijmegen,Netherlands,36.2,16.1,0.0,52.8,20.2,19.2,101
University of Frankfurt,Germany,25.7,30.0,0.0,39.7,21.2,16.6,101
University of Freiburg,Germany,25.0,22.1,18.6,38.5,16.0,16.6,101
Technical University of Denmark,Denmark,24.6,5.1,11.4,42.7,16.8,16.6,151
University of Rochester,United States,17.9,27.8,7.6,39.9,17.5,13.5,151
Brandeis University,United States,27.8,19.0,12.0,18.7,16.4,9.6,201
Maastricht University,Netherlands,26.5,0.0,0.0,44.3,4.7,13.5,201
Southeast University,China,16.4,0.0,0.0,52.6,5.9,19.2,201
University of Antwerp,Belgium,28.4,0.0,0.0,38.6,9.1,13.5,201
Chiba University,Japan,17.5,0.0,0.0,29.5,10.8,13.5,301
Linkoping University,Sweden,19.4,0.0,0.0,35.9,7.2,13.5,301
Medical University of South Carolina,United States,38.4,0.0,0.0,31.7,7.3,9.6,301
Queen's University Belfast,United Kingdom,19.4,17.6,0.0,32.9,11.6,0.0,301
UNESP,Brazil,23.0,0.0,0.0,46.7,5.9,0.0,301
University of Warsaw,Poland,18.3,15.2,0.0,32.6,11.5,9.6,301
Nanjing Medical University,China,21.7,0.0,0.0,41.2,3.9,0.0,401
St George's Hospital Medical School,United Kingdom,36.7,0.0,0.0,20.2,3.6,13.5,401
University of Bayreuth,Germany,13.7,0.0,0.0,22.2,14.2,9.6,401
Harvard University,United States,79.6,100.0,100.0,100.0,100.0,100.0,1
Kyoto University,Japan,23.9,31.3,36.7,60.8,31.7,21.4,35
University of Geneva,Switzerland,32.6,29.6,27.9,40.1,27.0,25.3,59
The University of Western Australia,Australia,33.5,13.4,13.9,51.1,15.7,25.3,93
University of Bonn,Germany,26.6,15.2,19.5,40.4,19.2,21.4,101
The Hong Kong Polytechnic University,"Hong Kong, China",26.9,0.0,0.0,44.8,3.9,23.5,201
University of Sussex,United Kingdom,23.8,0.0,22.1,30.6,13.2,9.6,201
The University of Dundee,United Kingdom,25.0,0.0,0.0,24.4,14.7,16.6,301
University of Malaya,Malaysia,22.0,0.0,0.0,42.8,2.8,13.5,301
Bar-Ilan University,Israel,15.7,0.0,0.0,29.6,7.8,9.6,401
Ben-Gurion University of the Negev,Israel,18.4,0.0,0.0,36.3,10.2,0.0,401
Kaohsiung Medical University,China,20.8,0.0,0.0,27.9,3.6,13.5,401
Nanjing University of Information Science & Technology,China,13.7,0.0,0.0,31.9,5.1,9.6,401
University of Maine,United States,19.3,0.0,17.0,18.3,6.7,0.0,401
University of Ulsan,"Korea, Republic of",17.0,0.0,0.0,35.6,4.9,9.6,401
Columbia University,United States,33.7,62.8,67.2,71.5,56.4,41.8,8
Johns Hopkins University,United States,28.7,37.3,33.2,75.7,43.4,37.1,18
Swiss Federal Institute of Technology Lausanne,Switzerland,44.4,0.0,0.0,43.8,33.1,34.5,81
The Ohio State University - Columbus,United States,18.6,12.4,0.0,65.3,21.3,27.1,94
Baylor College of Medicine,United States,19.1,0.0,0.0,44.5,30.1,23.5,101
Indiana University Bloomington,United States,19.4,10.2,21.3,40.3,18.6,13.5,101
The University of Sheffield,United Kingdom,23.1,17.6,13.1,47.6,16.6,13.5,101
University of Gothenburg,Sweden,21.9,0.0,15.2,45.9,13.7,19.2,101
Curtin University,Australia,29.3,0.0,0.0,43.7,13.9,21.4,151
University of Barcelona,Spain,23.2,0.0,0.0,53.3,12.5,27.1,151
University of Iowa,United States,17.8,0.0,0.0,46.9,14.8,19.2,151
University of Waterloo,Canada,23.4,0.0,0.0,44.0,12.6,21.4,151
Aalborg University,Denmark,21.8,0.0,0.0,36.0,6.8,25.3,201
City University of Hong Kong,"Hong Kong, China",27.1,0.0,0.0,41.2,6.1,25.3,201
Korea University,"Korea, Republic of",22.8,0.0,0.0,55.1,9.3,9.6,201
National Autonomous University of Mexico,Mexico,26.6,12.4,0.0,52.4,11.4,0.0,201
University of Pisa,Italy,23.7,13.4,22.8,40.3,5.9,0.0,201
Vrije Universiteit Brussel (VUB),Belgium,28.6,13.4,0.0,32.9,11.6,9.6,201
Hunan University,China,15.2,0.0,0.0,40.4,5.9,13.5,301
Technical University of Berlin,Germany,18.2,16.1,0.0,31.5,9.0,13.5,301
University of Stuttgart,Germany,17.2,18.3,0.0,28.0,14.0,9.6,301
The University of Texas Medical Branch at Galveston,United States,19.5,0.0,0.0,23.7,10.1,9.6,401
University at Albany (State University of New York),United States,19.0,0.0,0.0,27.3,8.5,9.6,401
University of Eastern Finland,Finland,16.7,0.0,0.0,30.5,7.2,13.5,401
Massachusetts Institute of Technology (MIT),United States,70.3,70.9,83.6,64.4,71.4,52.5,4
Rockefeller University,United States,41.5,16.8,61.4,19.5,42.4,33.2,30
The University of Manchester,United Kingdom,28.9,18.3,32.2,60.0,30.9,34.5,34
"University of California, Santa Barbara",United States,37.5,14.4,38.6,40.1,28.7,30.3,46
Boston University,United States,23.8,11.4,11.4,53.1,24.3,30.3,70
Fudan University,China,20.8,0.0,0.0,64.6,15.0,23.5,101
Tokyo Institute of Technology,Japan,28.6,12.4,29.4,37.8,14.4,0.0,151
University of Vienna,Austria,26.9,13.4,0.0,38.1,19.1,21.4,151
University of Buenos Aires,Argentina,22.0,14.4,23.7,35.7,8.7,0.0,201
University of Erlangen-Nuremberg,Germany,23.6,0.0,0.0,41.3,15.7,19.2,201
University of Padua,Italy,22.4,0.0,0.0,51.9,13.1,9.6,201
Louisiana State University - Baton Rouge,United States,18.0,0.0,0.0,34.8,11.2,9.6,301
Harbin Engineering University,China,11.3,0.0,0.0,28.3,3.3,13.5,401
Moscow Institute of Physics and Technology,Russian Federation,15.9,20.9,0.0,28.2,6.2,0.0,401
University of Bremen,Germany,17.0,0.0,0.0,31.3,15.1,0.0,401
University of Hannover,Germany,14.8,0.0,0.0,27.5,7.9,9.6,401
University of Pretoria,South Africa,17.6,0.0,0.0,34.1,6.3,9.6,401
The University of Texas Southwestern Medical Center at Dallas,United States,27.0,18.3,34.0,36.7,39.4,28.7,48
Vanderbilt University,United States,35.3,15.2,28.6,53.4,23.0,30.3,50
University of Groningen,Netherlands,33.7,13.4,25.2,55.9,18.4,19.2,66
Zhejiang University,China,21.8,0.0,0.0,74.5,17.6,35.8,67
University of Sydney,Australia,28.7,14.4,0.0,69.3,17.9,28.7,68
"University of California, Irvine",United States,24.8,0.0,28.9,47.6,22.7,21.4,83
The University of Texas M. D. Anderson Cancer Center,United States,50.7,0.0,0.0,42.7,23.0,31.8,100
Icahn School of Medicine at Mount Sinai,United States,19.0,0.0,0.0,41.2,25.8,40.6,101
VU University Amsterdam,Netherlands,35.2,0.0,0.0,54.7,15.7,33.2,101
National Taiwan University,"Taiwan, China",19.7,11.4,0.0,53.0,11.6,16.6,151
North Carolina State University - Raleigh,United States,20.0,0.0,0.0,44.7,13.5,21.4,151
The Chinese University of Hong Kong,China,26.2,0.0,13.9,46.9,11.6,13.5,151
University of Massachusetts Medical School - Worcester,United States,20.5,0.0,19.7,26.6,23.1,9.6,151
University of Milan,Italy,23.3,16.8,0.0,49.9,10.1,13.5,151
University of Sao Paulo,Brazil,17.1,0.0,0.0,76.2,14.2,0.0,151
University of Nebraska - Lincoln,United States,21.0,16.8,0.0,37.4,12.3,19.2,201
Western University,Canada,21.0,0.0,0.0,45.5,11.5,13.5,201
King Fahd University of Petroleum & Minerals,Saudi Arabia,21.0,0.0,0.0,24.9,2.1,23.5,301
University of Liege,Belgium,24.5,7.2,0.0,33.4,13.2,0.0,301
Xiamen University,China,14.2,0.0,0.0,46.9,12.0,0.0,301
Ecole Polytechnique,France,21.9,21.5,0.0,25.3,8.7,0.0,401
Florida International University,United States,17.3,0.0,0.0,32.1,6.6,9.6,401
The University of Tokushima,Japan,16.7,13.4,0.0,21.5,6.7,9.6,401
Tokyo University of Science,Japan,18.8,12.4,0.0,24.4,5.7,9.6,401
"University of California, Los Angeles",United States,32.1,29.2,46.4,73.1,44.9,55.9,11
Yale University,United States,35.7,47.1,49.7,58.7,53.4,44.9,12
University of North Carolina at Chapel Hill,United States,34.4,8.8,23.4,64.7,30.2,45.9,30
University of Paris-Sud (Paris 11),France,33.4,30.0,53.6,49.0,18.5,19.2,42
"University of Maryland, College Park",United States,29.3,19.0,19.7,55.3,33.5,25.3,51
Georgia Institute of Technology,United States,38.0,12.4,0.0,46.6,24.6,38.3,79
Lund University,Sweden,23.6,20.9,0.0,53.5,19.1,16.6,101
"University of California, Santa Cruz",United States,38.7,0.0,0.0,29.9,29.5,40.6,101
University of Paris Descartes (Paris 5),France,22.9,11.4,9.3,43.5,10.8,21.4,151
Complutense University of Madrid,Spain,14.5,19.0,0.0,44.0,12.2,0.0,201
Durham University,United Kingdom,23.4,0.0,0.0,36.2,15.6,23.5,201
Hanyang University,"Korea, Republic of",22.1,0.0,0.0,42.7,9.5,13.5,201
Karlsruhe Institute of Technology (KIT),Germany,21.5,0.0,0.0,38.0,14.4,16.6,201
Dalhousie University,Canada,18.9,12.4,0.0,35.7,11.4,0.0,301
Lancaster University,United Kingdom,20.2,0.0,0.0,33.6,10.1,13.5,301
University of Florence,Italy,19.8,0.0,0.0,40.9,9.4,9.6,301
University of Marburg,Germany,16.6,10.2,0.0,28.9,13.1,9.6,301
Chang Gung University,China,24.2,0.0,0.0,36.8,1.5,9.6,401
China University of Geosciences (Wuhan),China,12.9,0.0,0.0,31.0,6.6,13.5,401
National Technical University of Athens,Greece,15.4,0.0,0.0,24.9,0.0,19.2,401
Polytechnic University of Valencia,Spain,15.1,0.0,0.0,32.4,8.9,9.6,401
Texas Tech University,United States,16.4,0.0,0.0,34.4,7.0,9.6,401
University of Konstanz,Germany,14.6,0.0,0.0,24.4,14.5,9.6,401
University of Oklahoma - Norman,United States,16.1,0.0,0.0,31.3,7.6,9.6,401
